Isolate Code,Rep,Hours,Diameter growth
CCF 104,1.0,12,0.6
CCF 104,2.0,12,0.7
CCF 104,3.0,12,0.7
CCF 104,4.0,12,0.6
A 33,1.0,12,0.7
A 33,2.0,12,0.7
A 33,3.0,12,0.7
A 33,4.0,12,0.6
B 15,1.0,12,0.6
B 15,2.0,12,0.6
B 15,3.0,12,0.6
B 15,4.0,12,0.6
C 2,1.0,12,0.7
C 2,2.0,12,0.7
C 2,3.0,12,0.7
C 2,4.0,12,0.7
Osogbo 77,1.0,12,0.6
Osogbo 77,2.0,12,0.7
Osogbo 77,3.0,12,0.7
Osogbo 77,4.0,12,0.6
Osogbo 81,1.0,12,0.6
Osogbo 81,2.0,12,0.8
Osogbo 81,3.0,12,0.8
Osogbo 81,4.0,12,0.8
Osogbo 79,1.0,12,0.7
Osogbo 79,2.0,12,0.7
Osogbo 79,3.0,12,0.7
Osogbo 79,4.0,12,0.7
Osogbo 85,1.0,12,0.8
Osogbo 85,2.0,12,0.7
Osogbo 85,3.0,12,0.7
Osogbo 85,4.0,12,0.7
Osogbo 89,1.0,12,0.7
Osogbo 89,2.0,12,0.7
Osogbo 89,3.0,12,0.6
Osogbo 89,4.0,12,0.9
Osogbo 84,1.0,12,0.7
Osogbo 84,2.0,12,0.8
Osogbo 84,3.0,12,0.7
Osogbo 84,4.0,12,0.8
Osogbo 74,1.0,12,0.7
Osogbo 74,2.0,12,0.7
Osogbo 74,3.0,12,0.8
Osogbo 74,4.0,12,0.9
Osogbo 92,1.0,12,0.7
Osogbo 92,2.0,12,0.7
Osogbo 92,3.0,12,0.7
Osogbo 92,4.0,12,0.6
Osogbo 90,1.0,12,0.7
Osogbo 90,2.0,12,0.8
Osogbo 90,3.0,12,0.9
Osogbo 90,4.0,12,0.8
A 19,1.0,12,0.7
A 19,2.0,12,0.7
A 19,3.0,12,0.7
A 19,4.0,12,0.7
B 29,1.0,12,0.7
B 29,2.0,12,0.6
B 29,3.0,12,0.7
B 29,4.0,12,0.7
A 15,1.0,12,0.7
A 15,2.0,12,0.7
A 15,3.0,12,0.7
A 15,4.0,12,0.7
B 18,1.0,12,0.7
B 18,2.0,12,0.8
B 18,3.0,12,0.9
B 18,4.0,12,0.6
A 41,1.0,12,0.7
A 41,2.0,12,0.7
A 41,3.0,12,0.7
A 41,4.0,12,0.7
A 29,1.0,12,0.7
A 29,2.0,12,0.7
A 29,3.0,12,0.6
A 29,4.0,12,0.7
FUS-HR-NIS 52,1.0,12,0.8
FUS-HR-NIS 52,2.0,12,0.9
FUS-HR-NIS 52,3.0,12,0.8
FUS-HR-NIS 52,4.0,12,0.8
FUS-HR-NIS 38,1.0,12,0.7
FUS-HR-NIS 38,2.0,12,0.7
FUS-HR-NIS 38,3.0,12,0.8
FUS-HR-NIS 38,4.0,12,1.0
FUS-SV-NIS 26,1.0,12,0.6
FUS-SV-NIS 26,2.0,12,0.6
FUS-SV-NIS 26,3.0,12,0.7
FUS-SV-NIS 26,4.0,12,0.7
FUS-SV-NIS 90,1.0,12,0.6
FUS-SV-NIS 90,2.0,12,0.6
FUS-SV-NIS 90,3.0,12,0.6
FUS-SV-NIS 90,4.0,12,0.6
FUS-SV-NIS 96,1.0,12,0.6
FUS-SV-NIS 96,2.0,12,0.7
FUS-SV-NIS 96,3.0,12,0.7
FUS-SV-NIS 96,4.0,12,0.6
FUS-SV-NIS 84,1.0,12,0.7
FUS-SV-NIS 84,2.0,12,0.7
FUS-SV-NIS 84,3.0,12,0.7
FUS-SV-NIS 84,4.0,12,0.7
CCF 104,1.0,24,0.9
CCF 104,2.0,24,0.9
CCF 104,3.0,24,1.0
CCF 104,4.0,24,1.0
A 33,1.0,24,1.1
A 33,2.0,24,1.1
A 33,3.0,24,1.1
A 33,4.0,24,1.0
B 15,1.0,24,1.0
B 15,2.0,24,1.0
B 15,3.0,24,1.0
B 15,4.0,24,1.0
C 2,1.0,24,1.0
C 2,2.0,24,1.0
C 2,3.0,24,0.9
C 2,4.0,24,1.0
Osogbo 77,1.0,24,0.9
Osogbo 77,2.0,24,0.9
Osogbo 77,3.0,24,0.9
Osogbo 77,4.0,24,0.9
Osogbo 81,1.0,24,0.9
Osogbo 81,2.0,24,1.1
Osogbo 81,3.0,24,1.1
Osogbo 81,4.0,24,1.1
Osogbo 79,1.0,24,0.9
Osogbo 79,2.0,24,0.9
Osogbo 79,3.0,24,1.0
Osogbo 79,4.0,24,1.0
Osogbo 85,1.0,24,1.1
Osogbo 85,2.0,24,1.0
Osogbo 85,3.0,24,0.9
Osogbo 85,4.0,24,1.0
Osogbo 89,1.0,24,1.0
Osogbo 89,2.0,24,1.0
Osogbo 89,3.0,24,0.9
Osogbo 89,4.0,24,1.1
Osogbo 84,1.0,24,1.0
Osogbo 84,2.0,24,1.1
Osogbo 84,3.0,24,1.0
Osogbo 84,4.0,24,1.1
Osogbo 74,1.0,24,1.1
Osogbo 74,2.0,24,1.1
Osogbo 74,3.0,24,1.1
Osogbo 74,4.0,24,1.3
Osogbo 92,1.0,24,0.9
Osogbo 92,2.0,24,1.0
Osogbo 92,3.0,24,0.9
Osogbo 92,4.0,24,0.9
Osogbo 90,1.0,24,1.0
Osogbo 90,2.0,24,1.0
Osogbo 90,3.0,24,1.2
Osogbo 90,4.0,24,1.1
A 19,1.0,24,1.1
A 19,2.0,24,1.1
A 19,3.0,24,1.1
A 19,4.0,24,1.1
B 29,1.0,24,1.1
B 29,2.0,24,1.0
B 29,3.0,24,1.0
B 29,4.0,24,1.1
A 15,1.0,24,0.9
A 15,2.0,24,0.9
A 15,3.0,24,0.9
A 15,4.0,24,1.0
B 18,1.0,24,1.0
B 18,2.0,24,1.1
B 18,3.0,24,1.1
B 18,4.0,24,1.0
A 41,1.0,24,0.9
A 41,2.0,24,1.0
A 41,3.0,24,0.9
A 41,4.0,24,1.0
A 29,1.0,24,0.9
A 29,2.0,24,1.0
A 29,3.0,24,0.9
A 29,4.0,24,1.0
FUS-HR-NIS 52,1.0,24,1.3
FUS-HR-NIS 52,2.0,24,1.4
FUS-HR-NIS 52,3.0,24,1.3
FUS-HR-NIS 52,4.0,24,1.4
FUS-HR-NIS 38,1.0,24,0.9
FUS-HR-NIS 38,2.0,24,0.9
FUS-HR-NIS 38,3.0,24,1.0
FUS-HR-NIS 38,4.0,24,1.2
FUS-SV-NIS 26,1.0,24,0.9
FUS-SV-NIS 26,2.0,24,0.9
FUS-SV-NIS 26,3.0,24,1.0
FUS-SV-NIS 26,4.0,24,0.9
FUS-SV-NIS 90,1.0,24,1.0
FUS-SV-NIS 90,2.0,24,1.0
FUS-SV-NIS 90,3.0,24,1.0
FUS-SV-NIS 90,4.0,24,1.0
FUS-SV-NIS 96,1.0,24,0.9
FUS-SV-NIS 96,2.0,24,0.9
FUS-SV-NIS 96,3.0,24,1.0
FUS-SV-NIS 96,4.0,24,0.9
FUS-SV-NIS 84,1.0,24,0.8
FUS-SV-NIS 84,2.0,24,0.9
FUS-SV-NIS 84,3.0,24,0.8
FUS-SV-NIS 84,4.0,24,0.9
CCF 104,1.0,36,1.2
CCF 104,2.0,36,1.2
CCF 104,3.0,36,1.3
CCF 104,4.0,36,1.3
A 33,1.0,36,1.5
A 33,2.0,36,1.5
A 33,3.0,36,1.5
A 33,4.0,36,1.4
B 15,1.0,36,1.3
B 15,2.0,36,1.2
B 15,3.0,36,1.3
B 15,4.0,36,1.3
C 2,1.0,36,1.2
C 2,2.0,36,1.2
C 2,3.0,36,1.1
C 2,4.0,36,1.2
Osogbo 77,1.0,36,1.2
Osogbo 77,2.0,36,1.2
Osogbo 77,3.0,36,1.1
Osogbo 77,4.0,36,1.2
Osogbo 81,1.0,36,1.2
Osogbo 81,2.0,36,1.3
Osogbo 81,3.0,36,1.4
Osogbo 81,4.0,36,1.4
Osogbo 79,1.0,36,1.1
Osogbo 79,2.0,36,1.1
Osogbo 79,3.0,36,1.2
Osogbo 79,4.0,36,1.3
Osogbo 85,1.0,36,1.3
Osogbo 85,2.0,36,1.2
Osogbo 85,3.0,36,1.1
Osogbo 85,4.0,36,1.2
Osogbo 89,1.0,36,1.2
Osogbo 89,2.0,36,1.2
Osogbo 89,3.0,36,1.1
Osogbo 89,4.0,36,1.3
Osogbo 84,1.0,36,1.2
Osogbo 84,2.0,36,1.3
Osogbo 84,3.0,36,1.2
Osogbo 84,4.0,36,1.3
Osogbo 74,1.0,36,1.3
Osogbo 74,2.0,36,1.3
Osogbo 74,3.0,36,1.3
Osogbo 74,4.0,36,1.5
Osogbo 92,1.0,36,1.1
Osogbo 92,2.0,36,1.2
Osogbo 92,3.0,36,1.1
Osogbo 92,4.0,36,1.1
Osogbo 90,1.0,36,1.2
Osogbo 90,2.0,36,1.3
Osogbo 90,3.0,36,1.4
Osogbo 90,4.0,36,1.4
A 19,1.0,36,1.4
A 19,2.0,36,1.4
A 19,3.0,36,1.4
A 19,4.0,36,1.4
B 29,1.0,36,1.4
B 29,2.0,36,1.3
B 29,3.0,36,1.3
B 29,4.0,36,1.4
A 15,1.0,36,1.3
A 15,2.0,36,1.3
A 15,3.0,36,1.2
A 15,4.0,36,1.3
B 18,1.0,36,1.3
B 18,2.0,36,1.3
B 18,3.0,36,1.3
B 18,4.0,36,1.3
A 41,1.0,36,1.1
A 41,2.0,36,1.2
A 41,3.0,36,1.1
A 41,4.0,36,1.3
A 29,1.0,36,1.1
A 29,2.0,36,1.2
A 29,3.0,36,1.1
A 29,4.0,36,1.2
FUS-HR-NIS 52,1.0,36,1.5
FUS-HR-NIS 52,2.0,36,1.6
FUS-HR-NIS 52,3.0,36,1.5
FUS-HR-NIS 52,4.0,36,1.6
FUS-HR-NIS 38,1.0,36,1.1
FUS-HR-NIS 38,2.0,36,1.0
FUS-HR-NIS 38,3.0,36,1.1
FUS-HR-NIS 38,4.0,36,1.3
FUS-SV-NIS 26,1.0,36,1.1
FUS-SV-NIS 26,2.0,36,1.1
FUS-SV-NIS 26,3.0,36,1.2
FUS-SV-NIS 26,4.0,36,1.0
FUS-SV-NIS 90,1.0,36,1.3
FUS-SV-NIS 90,2.0,36,1.3
FUS-SV-NIS 90,3.0,36,1.2
FUS-SV-NIS 90,4.0,36,1.3
FUS-SV-NIS 96,1.0,36,1.2
FUS-SV-NIS 96,2.0,36,1.2
FUS-SV-NIS 96,3.0,36,1.2
FUS-SV-NIS 96,4.0,36,1.1
FUS-SV-NIS 84,1.0,36,1.0
FUS-SV-NIS 84,2.0,36,1.0
FUS-SV-NIS 84,3.0,36,1.0
FUS-SV-NIS 84,4.0,36,1.0
CCF 104,1.0,48,1.5
CCF 104,2.0,48,1.5
CCF 104,3.0,48,1.6
CCF 104,4.0,48,1.6
A 33,1.0,48,1.9
A 33,2.0,48,1.9
A 33,3.0,48,1.9
A 33,4.0,48,1.9
B 15,1.0,48,1.6
B 15,2.0,48,1.6
B 15,3.0,48,1.6
B 15,4.0,48,1.5
C 2,1.0,48,1.4
C 2,2.0,48,1.4
C 2,3.0,48,1.4
C 2,4.0,48,1.6
Osogbo 77,1.0,48,1.5
Osogbo 77,2.0,48,1.5
Osogbo 77,3.0,48,1.5
Osogbo 77,4.0,48,1.5
Osogbo 81,1.0,48,1.4
Osogbo 81,2.0,48,1.5
Osogbo 81,3.0,48,1.6
Osogbo 81,4.0,48,1.6
Osogbo 79,1.0,48,1.4
Osogbo 79,2.0,48,1.3
Osogbo 79,3.0,48,1.3
Osogbo 79,4.0,48,1.5
Osogbo 85,1.0,48,1.5
Osogbo 85,2.0,48,1.4
Osogbo 85,3.0,48,1.3
Osogbo 85,4.0,48,1.4
Osogbo 89,1.0,48,1.4
Osogbo 89,2.0,48,1.4
Osogbo 89,3.0,48,1.3
Osogbo 89,4.0,48,1.5
Osogbo 84,1.0,48,1.4
Osogbo 84,2.0,48,1.5
Osogbo 84,3.0,48,1.4
Osogbo 84,4.0,48,1.5
Osogbo 74,1.0,48,1.5
Osogbo 74,2.0,48,1.5
Osogbo 74,3.0,48,1.5
Osogbo 74,4.0,48,1.7
Osogbo 92,1.0,48,1.3
Osogbo 92,2.0,48,1.4
Osogbo 92,3.0,48,1.3
Osogbo 92,4.0,48,1.3
Osogbo 90,1.0,48,1.5
Osogbo 90,2.0,48,1.5
Osogbo 90,3.0,48,1.7
Osogbo 90,4.0,48,1.7
A 19,1.0,48,1.8
A 19,2.0,48,1.8
A 19,3.0,48,1.8
A 19,4.0,48,1.8
B 29,1.0,48,1.8
B 29,2.0,48,1.8
B 29,3.0,48,1.7
B 29,4.0,48,1.8
A 15,1.0,48,1.5
A 15,2.0,48,1.4
A 15,3.0,48,1.5
A 15,4.0,48,1.6
B 18,1.0,48,1.6
B 18,2.0,48,1.7
B 18,3.0,48,1.7
B 18,4.0,48,1.6
A 41,1.0,48,1.4
A 41,2.0,48,1.4
A 41,3.0,48,1.3
A 41,4.0,48,1.5
A 29,1.0,48,1.4
A 29,2.0,48,1.4
A 29,3.0,48,1.3
A 29,4.0,48,1.4
FUS-HR-NIS 52,1.0,48,1.7
FUS-HR-NIS 52,2.0,48,1.9
FUS-HR-NIS 52,3.0,48,1.8
FUS-HR-NIS 52,4.0,48,1.9
FUS-HR-NIS 38,1.0,48,1.3
FUS-HR-NIS 38,2.0,48,1.2
FUS-HR-NIS 38,3.0,48,1.4
FUS-HR-NIS 38,4.0,48,1.5
FUS-SV-NIS 26,1.0,48,1.3
FUS-SV-NIS 26,2.0,48,1.3
FUS-SV-NIS 26,3.0,48,1.4
FUS-SV-NIS 26,4.0,48,1.3
FUS-SV-NIS 90,1.0,48,1.4
FUS-SV-NIS 90,2.0,48,1.5
FUS-SV-NIS 90,3.0,48,1.5
FUS-SV-NIS 90,4.0,48,1.5
FUS-SV-NIS 96,1.0,48,1.3
FUS-SV-NIS 96,2.0,48,1.4
FUS-SV-NIS 96,3.0,48,1.3
FUS-SV-NIS 96,4.0,48,1.3
FUS-SV-NIS 84,1.0,48,1.1
FUS-SV-NIS 84,2.0,48,1.1
FUS-SV-NIS 84,3.0,48,1.2
FUS-SV-NIS 84,4.0,48,1.1
CCF 104,1.0,60,1.8
CCF 104,2.0,60,1.8
CCF 104,3.0,60,1.9
CCF 104,4.0,60,1.9
A 33,1.0,60,2.4
A 33,2.0,60,2.3
A 33,3.0,60,2.4
A 33,4.0,60,2.3
B 15,1.0,60,2.0
B 15,2.0,60,2.0
B 15,3.0,60,2.1
B 15,4.0,60,1.9
C 2,1.0,60,1.8
C 2,2.0,60,1.8
C 2,3.0,60,1.7
C 2,4.0,60,1.8
Osogbo 77,1.0,60,1.8
Osogbo 77,2.0,60,1.8
Osogbo 77,3.0,60,1.8
Osogbo 77,4.0,60,1.8
Osogbo 81,1.0,60,1.6
Osogbo 81,2.0,60,1.7
Osogbo 81,3.0,60,1.8
Osogbo 81,4.0,60,1.8
Osogbo 79,1.0,60,1.6
Osogbo 79,2.0,60,1.6
Osogbo 79,3.0,60,1.6
Osogbo 79,4.0,60,1.8
Osogbo 85,1.0,60,1.7
Osogbo 85,2.0,60,1.6
Osogbo 85,3.0,60,1.5
Osogbo 85,4.0,60,1.6
Osogbo 89,1.0,60,1.6
Osogbo 89,2.0,60,1.6
Osogbo 89,3.0,60,1.5
Osogbo 89,4.0,60,1.7
Osogbo 84,1.0,60,1.6
Osogbo 84,2.0,60,1.7
Osogbo 84,3.0,60,1.6
Osogbo 84,4.0,60,1.7
Osogbo 74,1.0,60,1.7
Osogbo 74,2.0,60,1.7
Osogbo 74,3.0,60,1.7
Osogbo 74,4.0,60,1.9
Osogbo 92,1.0,60,1.5
Osogbo 92,2.0,60,1.6
Osogbo 92,3.0,60,1.5
Osogbo 92,4.0,60,1.5
Osogbo 90,1.0,60,1.8
Osogbo 90,2.0,60,1.8
Osogbo 90,3.0,60,2.0
Osogbo 90,4.0,60,2.0
A 19,1.0,60,2.1
A 19,2.0,60,2.1
A 19,3.0,60,2.1
A 19,4.0,60,2.1
B 29,1.0,60,2.1
B 29,2.0,60,2.1
B 29,3.0,60,2.1
B 29,4.0,60,2.0
A 15,1.0,60,1.8
A 15,2.0,60,1.7
A 15,3.0,60,1.7
A 15,4.0,60,1.7
B 18,1.0,60,1.8
B 18,2.0,60,1.9
B 18,3.0,60,1.9
B 18,4.0,60,1.8
A 41,1.0,60,1.7
A 41,2.0,60,1.7
A 41,3.0,60,1.5
A 41,4.0,60,1.7
A 29,1.0,60,1.6
A 29,2.0,60,1.6
A 29,3.0,60,1.5
A 29,4.0,60,1.6
FUS-HR-NIS 52,1.0,60,2.0
FUS-HR-NIS 52,2.0,60,2.0
FUS-HR-NIS 52,3.0,60,2.0
FUS-HR-NIS 52,4.0,60,2.0
FUS-HR-NIS 38,1.0,60,1.8
FUS-HR-NIS 38,2.0,60,1.3
FUS-HR-NIS 38,3.0,60,1.5
FUS-HR-NIS 38,4.0,60,1.8
FUS-SV-NIS 26,1.0,60,1.7
FUS-SV-NIS 26,2.0,60,1.7
FUS-SV-NIS 26,3.0,60,1.8
FUS-SV-NIS 26,4.0,60,1.7
FUS-SV-NIS 90,1.0,60,1.8
FUS-SV-NIS 90,2.0,60,1.9
FUS-SV-NIS 90,3.0,60,1.8
FUS-SV-NIS 90,4.0,60,1.8
FUS-SV-NIS 96,1.0,60,1.7
FUS-SV-NIS 96,2.0,60,1.7
FUS-SV-NIS 96,3.0,60,1.6
FUS-SV-NIS 96,4.0,60,1.5
FUS-SV-NIS 84,1.0,60,1.4
FUS-SV-NIS 84,2.0,60,1.3
FUS-SV-NIS 84,3.0,60,1.5
FUS-SV-NIS 84,4.0,60,1.3
CCF 104,1.0,72,2.1
CCF 104,2.0,72,2.1
CCF 104,3.0,72,2.2
CCF 104,4.0,72,2.2
A 33,1.0,72,2.9
A 33,2.0,72,2.8
A 33,3.0,72,2.9
A 33,4.0,72,2.8
B 15,1.0,72,2.3
B 15,2.0,72,2.3
B 15,3.0,72,2.3
B 15,4.0,72,2.1
C 2,1.0,72,1.9
C 2,2.0,72,1.9
C 2,3.0,72,1.9
C 2,4.0,72,2.0
Osogbo 77,1.0,72,2.1
Osogbo 77,2.0,72,2.1
Osogbo 77,3.0,72,2.1
Osogbo 77,4.0,72,2.1
Osogbo 81,1.0,72,1.8
Osogbo 81,2.0,72,2.0
Osogbo 81,3.0,72,2.0
Osogbo 81,4.0,72,2.0
Osogbo 79,1.0,72,1.9
Osogbo 79,2.0,72,1.9
Osogbo 79,3.0,72,1.9
Osogbo 79,4.0,72,2.0
Osogbo 85,1.0,72,1.9
Osogbo 85,2.0,72,1.8
Osogbo 85,3.0,72,1.7
Osogbo 85,4.0,72,1.8
Osogbo 89,1.0,72,1.8
Osogbo 89,2.0,72,1.8
Osogbo 89,3.0,72,1.7
Osogbo 89,4.0,72,1.9
Osogbo 84,1.0,72,1.8
Osogbo 84,2.0,72,1.9
Osogbo 84,3.0,72,1.8
Osogbo 84,4.0,72,1.9
Osogbo 74,1.0,72,1.9
Osogbo 74,2.0,72,1.9
Osogbo 74,3.0,72,1.9
Osogbo 74,4.0,72,2.1
Osogbo 92,1.0,72,1.7
Osogbo 92,2.0,72,1.8
Osogbo 92,3.0,72,1.7
Osogbo 92,4.0,72,1.7
Osogbo 90,1.0,72,2.0
Osogbo 90,2.0,72,2.1
Osogbo 90,3.0,72,2.3
Osogbo 90,4.0,72,2.3
A 19,1.0,72,2.6
A 19,2.0,72,2.5
A 19,3.0,72,2.5
A 19,4.0,72,2.5
B 29,1.0,72,2.5
B 29,2.0,72,2.4
B 29,3.0,72,2.4
B 29,4.0,72,2.5
A 15,1.0,72,2.0
A 15,2.0,72,1.8
A 15,3.0,72,1.9
A 15,4.0,72,1.9
B 18,1.0,72,2.1
B 18,2.0,72,2.2
B 18,3.0,72,2.3
B 18,4.0,72,2.1
A 41,1.0,72,2.0
A 41,2.0,72,2.0
A 41,3.0,72,1.7
A 41,4.0,72,1.9
A 29,1.0,72,1.8
A 29,2.0,72,1.8
A 29,3.0,72,1.7
A 29,4.0,72,1.8
FUS-HR-NIS 52,1.0,72,2.2
FUS-HR-NIS 52,2.0,72,2.4
FUS-HR-NIS 52,3.0,72,2.2
FUS-HR-NIS 52,4.0,72,2.2
FUS-HR-NIS 38,1.0,72,1.7
FUS-HR-NIS 38,2.0,72,1.6
FUS-HR-NIS 38,3.0,72,1.7
FUS-HR-NIS 38,4.0,72,2.0
FUS-SV-NIS 26,1.0,72,2.0
FUS-SV-NIS 26,2.0,72,1.9
FUS-SV-NIS 26,3.0,72,1.8
FUS-SV-NIS 26,4.0,72,2.0
FUS-SV-NIS 90,1.0,72,2.0
FUS-SV-NIS 90,2.0,72,2.1
FUS-SV-NIS 90,3.0,72,2.1
FUS-SV-NIS 90,4.0,72,2.0
FUS-SV-NIS 96,1.0,72,1.9
FUS-SV-NIS 96,2.0,72,1.9
FUS-SV-NIS 96,3.0,72,1.8
FUS-SV-NIS 96,4.0,72,1.8
FUS-SV-NIS 84,1.0,72,1.5
FUS-SV-NIS 84,2.0,72,1.6
FUS-SV-NIS 84,3.0,72,1.7
FUS-SV-NIS 84,4.0,72,1.7
CCF 104,1.0,84,2.4
CCF 104,2.0,84,2.4
CCF 104,3.0,84,2.5
CCF 104,4.0,84,2.5
A 33,1.0,84,3.3
A 33,2.0,84,3.2
A 33,3.0,84,3.3
A 33,4.0,84,3.2
B 15,1.0,84,2.6
B 15,2.0,84,2.1
B 15,3.0,84,2.5
B 15,4.0,84,2.6
C 2,1.0,84,2.2
C 2,2.0,84,2.2
C 2,3.0,84,2.0
C 2,4.0,84,2.1
Osogbo 77,1.0,84,2.4
Osogbo 77,2.0,84,2.4
Osogbo 77,3.0,84,2.3
Osogbo 77,4.0,84,2.4
Osogbo 81,1.0,84,2.1
Osogbo 81,2.0,84,2.3
Osogbo 81,3.0,84,2.3
Osogbo 81,4.0,84,2.3
Osogbo 79,1.0,84,2.0
Osogbo 79,2.0,84,2.1
Osogbo 79,3.0,84,2.1
Osogbo 79,4.0,84,2.3
Osogbo 85,1.0,84,2.1
Osogbo 85,2.0,84,2.0
Osogbo 85,3.0,84,1.9
Osogbo 85,4.0,84,2.0
Osogbo 89,1.0,84,2.0
Osogbo 89,2.0,84,2.0
Osogbo 89,3.0,84,1.9
Osogbo 89,4.0,84,2.1
Osogbo 84,1.0,84,2.0
Osogbo 84,2.0,84,2.1
Osogbo 84,3.0,84,2.0
Osogbo 84,4.0,84,2.1
Osogbo 74,1.0,84,2.1
Osogbo 74,2.0,84,2.1
Osogbo 74,3.0,84,2.1
Osogbo 74,4.0,84,2.3
Osogbo 92,1.0,84,1.9
Osogbo 92,2.0,84,2.0
Osogbo 92,3.0,84,1.9
Osogbo 92,4.0,84,1.9
Osogbo 90,1.0,84,2.4
Osogbo 90,2.0,84,2.4
Osogbo 90,3.0,84,2.5
Osogbo 90,4.0,84,2.6
A 19,1.0,84,2.8
A 19,2.0,84,2.8
A 19,3.0,84,2.8
A 19,4.0,84,2.8
B 29,1.0,84,2.9
B 29,2.0,84,2.8
B 29,3.0,84,2.9
B 29,4.0,84,2.9
A 15,1.0,84,2.2
A 15,2.0,84,2.1
A 15,3.0,84,2.1
A 15,4.0,84,2.1
B 18,1.0,84,2.4
B 18,2.0,84,2.5
B 18,3.0,84,2.5
B 18,4.0,84,2.4
A 41,1.0,84,2.2
A 41,2.0,84,2.2
A 41,3.0,84,1.9
A 41,4.0,84,2.1
A 29,1.0,84,2.0
A 29,2.0,84,2.0
A 29,3.0,84,2.0
A 29,4.0,84,2.0
FUS-HR-NIS 52,1.0,84,2.5
FUS-HR-NIS 52,2.0,84,2.6
FUS-HR-NIS 52,3.0,84,2.5
FUS-HR-NIS 52,4.0,84,2.5
FUS-HR-NIS 38,1.0,84,1.8
FUS-HR-NIS 38,2.0,84,1.7
FUS-HR-NIS 38,3.0,84,2.0
FUS-HR-NIS 38,4.0,84,2.1
FUS-SV-NIS 26,1.0,84,2.1
FUS-SV-NIS 26,2.0,84,2.2
FUS-SV-NIS 26,3.0,84,2.2
FUS-SV-NIS 26,4.0,84,2.2
FUS-SV-NIS 90,1.0,84,2.2
FUS-SV-NIS 90,2.0,84,2.3
FUS-SV-NIS 90,3.0,84,2.4
FUS-SV-NIS 90,4.0,84,2.2
FUS-SV-NIS 96,1.0,84,2.1
FUS-SV-NIS 96,2.0,84,2.1
FUS-SV-NIS 96,3.0,84,2.0
FUS-SV-NIS 96,4.0,84,2.0
FUS-SV-NIS 84,1.0,84,1.7
FUS-SV-NIS 84,2.0,84,1.7
FUS-SV-NIS 84,3.0,84,1.9
FUS-SV-NIS 84,4.0,84,1.8
CCF 104,1.0,96,2.7
CCF 104,2.0,96,2.7
CCF 104,3.0,96,2.8
CCF 104,4.0,96,2.8
A 33,1.0,96,3.6
A 33,2.0,96,3.6
A 33,3.0,96,3.6
A 33,4.0,96,3.6
B 15,1.0,96,3.0
B 15,2.0,96,3.0
B 15,3.0,96,3.1
B 15,4.0,96,2.5
C 2,1.0,96,2.5
C 2,2.0,96,2.4
C 2,3.0,96,2.4
C 2,4.0,96,2.4
Osogbo 77,1.0,96,2.7
Osogbo 77,2.0,96,2.7
Osogbo 77,3.0,96,2.6
Osogbo 77,4.0,96,2.7
Osogbo 81,1.0,96,2.4
Osogbo 81,2.0,96,2.6
Osogbo 81,3.0,96,2.6
Osogbo 81,4.0,96,2.6
Osogbo 79,1.0,96,2.3
Osogbo 79,2.0,96,2.2
Osogbo 79,3.0,96,2.3
Osogbo 79,4.0,96,2.5
Osogbo 85,1.0,96,2.3
Osogbo 85,2.0,96,2.2
Osogbo 85,3.0,96,2.1
Osogbo 85,4.0,96,2.2
Osogbo 89,1.0,96,2.2
Osogbo 89,2.0,96,2.2
Osogbo 89,3.0,96,2.1
Osogbo 89,4.0,96,2.3
Osogbo 84,1.0,96,2.2
Osogbo 84,2.0,96,2.3
Osogbo 84,3.0,96,2.2
Osogbo 84,4.0,96,2.3
Osogbo 74,1.0,96,2.3
Osogbo 74,2.0,96,2.3
Osogbo 74,3.0,96,2.3
Osogbo 74,4.0,96,2.5
Osogbo 92,1.0,96,2.1
Osogbo 92,2.0,96,2.2
Osogbo 92,3.0,96,2.1
Osogbo 92,4.0,96,2.1
Osogbo 90,1.0,96,2.7
Osogbo 90,2.0,96,2.7
Osogbo 90,3.0,96,2.8
Osogbo 90,4.0,96,2.7
A 19,1.0,96,3.4
A 19,2.0,96,3.3
A 19,3.0,96,3.3
A 19,4.0,96,3.3
B 29,1.0,96,3.3
B 29,2.0,96,3.3
B 29,3.0,96,3.3
B 29,4.0,96,3.4
A 15,1.0,96,2.4
A 15,2.0,96,2.3
A 15,3.0,96,2.3
A 15,4.0,96,2.3
B 18,1.0,96,2.9
B 18,2.0,96,3.0
B 18,3.0,96,2.9
B 18,4.0,96,2.7
A 41,1.0,96,2.5
A 41,2.0,96,2.5
A 41,3.0,96,2.2
A 41,4.0,96,2.4
A 29,1.0,96,2.2
A 29,2.0,96,2.2
A 29,3.0,96,2.2
A 29,4.0,96,2.3
FUS-HR-NIS 52,1.0,96,2.9
FUS-HR-NIS 52,2.0,96,3.0
FUS-HR-NIS 52,3.0,96,2.8
FUS-HR-NIS 52,4.0,96,2.9
FUS-HR-NIS 38,1.0,96,2.3
FUS-HR-NIS 38,2.0,96,2.2
FUS-HR-NIS 38,3.0,96,2.3
FUS-HR-NIS 38,4.0,96,2.4
FUS-SV-NIS 26,1.0,96,2.5
FUS-SV-NIS 26,2.0,96,2.6
FUS-SV-NIS 26,3.0,96,2.6
FUS-SV-NIS 26,4.0,96,2.6
FUS-SV-NIS 90,1.0,96,2.4
FUS-SV-NIS 90,2.0,96,2.5
FUS-SV-NIS 90,3.0,96,2.6
FUS-SV-NIS 90,4.0,96,2.4
FUS-SV-NIS 96,1.0,96,2.6
FUS-SV-NIS 96,2.0,96,2.6
FUS-SV-NIS 96,3.0,96,2.4
FUS-SV-NIS 96,4.0,96,2.4
FUS-SV-NIS 84,1.0,96,2.1
FUS-SV-NIS 84,2.0,96,2.0
FUS-SV-NIS 84,3.0,96,2.2
FUS-SV-NIS 84,4.0,96,2.2
CCF 104,1.0,108,3.0
CCF 104,2.0,108,3.0
CCF 104,3.0,108,3.1
CCF 104,4.0,108,3.1
A 33,1.0,108,4.0
A 33,2.0,108,4.2
A 33,3.0,108,4.3
A 33,4.0,108,4.1
B 15,1.0,108,3.3
B 15,2.0,108,3.5
B 15,3.0,108,3.4
B 15,4.0,108,3.5
C 2,1.0,108,2.8
C 2,2.0,108,2.7
C 2,3.0,108,2.6
C 2,4.0,108,2.8
Osogbo 77,1.0,108,3.0
Osogbo 77,2.0,108,3.0
Osogbo 77,3.0,108,2.9
Osogbo 77,4.0,108,3.0
Osogbo 81,1.0,108,2.7
Osogbo 81,2.0,108,2.9
Osogbo 81,3.0,108,2.9
Osogbo 81,4.0,108,2.9
Osogbo 79,1.0,108,2.7
Osogbo 79,2.0,108,2.6
Osogbo 79,3.0,108,2.7
Osogbo 79,4.0,108,2.7
Osogbo 85,1.0,108,2.5
Osogbo 85,2.0,108,2.4
Osogbo 85,3.0,108,2.3
Osogbo 85,4.0,108,2.4
Osogbo 89,1.0,108,2.4
Osogbo 89,2.0,108,2.4
Osogbo 89,3.0,108,2.3
Osogbo 89,4.0,108,2.5
Osogbo 84,1.0,108,2.4
Osogbo 84,2.0,108,2.5
Osogbo 84,3.0,108,2.4
Osogbo 84,4.0,108,2.5
Osogbo 74,1.0,108,2.5
Osogbo 74,2.0,108,2.5
Osogbo 74,3.0,108,2.5
Osogbo 74,4.0,108,2.7
Osogbo 92,1.0,108,2.3
Osogbo 92,2.0,108,2.4
Osogbo 92,3.0,108,2.3
Osogbo 92,4.0,108,2.3
Osogbo 90,1.0,108,2.9
Osogbo 90,2.0,108,3.0
Osogbo 90,3.0,108,3.1
Osogbo 90,4.0,108,3.0
A 19,1.0,108,3.8
A 19,2.0,108,3.7
A 19,3.0,108,3.8
A 19,4.0,108,3.8
B 29,1.0,108,3.7
B 29,2.0,108,3.7
B 29,3.0,108,3.6
B 29,4.0,108,3.9
A 15,1.0,108,2.6
A 15,2.0,108,2.5
A 15,3.0,108,2.5
A 15,4.0,108,2.5
B 18,1.0,108,3.3
B 18,2.0,108,3.5
B 18,3.0,108,3.3
B 18,4.0,108,3.2
A 41,1.0,108,2.9
A 41,2.0,108,2.8
A 41,3.0,108,2.7
A 41,4.0,108,2.7
A 29,1.0,108,2.4
A 29,2.0,108,2.4
A 29,3.0,108,2.4
A 29,4.0,108,2.5
FUS-HR-NIS 52,1.0,108,3.2
FUS-HR-NIS 52,2.0,108,3.4
FUS-HR-NIS 52,3.0,108,3.2
FUS-HR-NIS 52,4.0,108,3.3
FUS-HR-NIS 38,1.0,108,2.7
FUS-HR-NIS 38,2.0,108,2.7
FUS-HR-NIS 38,3.0,108,2.6
FUS-HR-NIS 38,4.0,108,2.7
FUS-SV-NIS 26,1.0,108,2.8
FUS-SV-NIS 26,2.0,108,2.9
FUS-SV-NIS 26,3.0,108,3.0
FUS-SV-NIS 26,4.0,108,2.9
FUS-SV-NIS 90,1.0,108,2.7
FUS-SV-NIS 90,2.0,108,2.8
FUS-SV-NIS 90,3.0,108,2.9
FUS-SV-NIS 90,4.0,108,2.6
FUS-SV-NIS 96,1.0,108,3.0
FUS-SV-NIS 96,2.0,108,3.0
FUS-SV-NIS 96,3.0,108,2.8
FUS-SV-NIS 96,4.0,108,2.8
FUS-SV-NIS 84,1.0,108,2.3
FUS-SV-NIS 84,2.0,108,2.3
FUS-SV-NIS 84,3.0,108,2.5
FUS-SV-NIS 84,4.0,108,2.4
CCF 104,1.0,120,3.3
CCF 104,2.0,120,3.3
CCF 104,3.0,120,3.4
CCF 104,4.0,120,3.4
A 33,1.0,120,4.4
A 33,2.0,120,4.5
A 33,3.0,120,4.6
A 33,4.0,120,4.6
B 15,1.0,120,3.9
B 15,2.0,120,3.8
B 15,3.0,120,3.9
B 15,4.0,120,3.9
C 2,1.0,120,3.0
C 2,2.0,120,3.0
C 2,3.0,120,2.9
C 2,4.0,120,3.1
Osogbo 77,1.0,120,3.3
Osogbo 77,2.0,120,3.3
Osogbo 77,3.0,120,3.4
Osogbo 77,4.0,120,3.2
Osogbo 81,1.0,120,3.0
Osogbo 81,2.0,120,3.2
Osogbo 81,3.0,120,3.2
Osogbo 81,4.0,120,3.2
Osogbo 79,1.0,120,3.0
Osogbo 79,2.0,120,3.0
Osogbo 79,3.0,120,3.0
Osogbo 79,4.0,120,3.1
Osogbo 85,1.0,120,2.7
Osogbo 85,2.0,120,2.6
Osogbo 85,3.0,120,2.5
Osogbo 85,4.0,120,2.6
Osogbo 89,1.0,120,2.6
Osogbo 89,2.0,120,2.6
Osogbo 89,3.0,120,2.5
Osogbo 89,4.0,120,2.7
Osogbo 84,1.0,120,2.6
Osogbo 84,2.0,120,2.7
Osogbo 84,3.0,120,2.6
Osogbo 84,4.0,120,2.7
Osogbo 74,1.0,120,2.7
Osogbo 74,2.0,120,2.7
Osogbo 74,3.0,120,2.7
Osogbo 74,4.0,120,2.9
Osogbo 92,1.0,120,2.5
Osogbo 92,2.0,120,2.6
Osogbo 92,3.0,120,2.5
Osogbo 92,4.0,120,2.5
Osogbo 90,1.0,120,3.3
Osogbo 90,2.0,120,3.4
Osogbo 90,3.0,120,3.4
Osogbo 90,4.0,120,3.3
A 19,1.0,120,4.2
A 19,2.0,120,4.2
A 19,3.0,120,4.2
A 19,4.0,120,4.2
B 29,1.0,120,4.1
B 29,2.0,120,4.1
B 29,3.0,120,4.1
B 29,4.0,120,4.3
A 15,1.0,120,2.9
A 15,2.0,120,2.8
A 15,3.0,120,2.9
A 15,4.0,120,2.8
B 18,1.0,120,3.7
B 18,2.0,120,3.9
B 18,3.0,120,3.7
B 18,4.0,120,3.7
A 41,1.0,120,3.2
A 41,2.0,120,3.1
A 41,3.0,120,3.0
A 41,4.0,120,3.0
A 29,1.0,120,2.6
A 29,2.0,120,2.6
A 29,3.0,120,2.6
A 29,4.0,120,2.7
FUS-HR-NIS 52,1.0,120,3.6
FUS-HR-NIS 52,2.0,120,3.7
FUS-HR-NIS 52,3.0,120,3.6
FUS-HR-NIS 52,4.0,120,3.7
FUS-HR-NIS 38,1.0,120,2.9
FUS-HR-NIS 38,2.0,120,2.9
FUS-HR-NIS 38,3.0,120,2.8
FUS-HR-NIS 38,4.0,120,2.9
FUS-SV-NIS 26,1.0,120,3.1
FUS-SV-NIS 26,2.0,120,3.2
FUS-SV-NIS 26,3.0,120,3.3
FUS-SV-NIS 26,4.0,120,3.2
FUS-SV-NIS 90,1.0,120,3.1
FUS-SV-NIS 90,2.0,120,3.3
FUS-SV-NIS 90,3.0,120,3.3
FUS-SV-NIS 90,4.0,120,2.9
FUS-SV-NIS 96,1.0,120,3.4
FUS-SV-NIS 96,2.0,120,3.5
FUS-SV-NIS 96,3.0,120,3.4
FUS-SV-NIS 96,4.0,120,3.3
FUS-SV-NIS 84,1.0,120,2.7
FUS-SV-NIS 84,2.0,120,2.5
FUS-SV-NIS 84,3.0,120,2.8
FUS-SV-NIS 84,4.0,120,2.8
CCF 104,1.0,132,3.6
CCF 104,2.0,132,3.6
CCF 104,3.0,132,3.7
CCF 104,4.0,132,3.7
A 33,1.0,132,4.8
A 33,2.0,132,4.9
A 33,3.0,132,5.0
A 33,4.0,132,5.0
B 15,1.0,132,4.4
B 15,2.0,132,4.1
B 15,3.0,132,4.4
B 15,4.0,132,4.2
C 2,1.0,132,3.2
C 2,2.0,132,3.3
C 2,3.0,132,3.1
C 2,4.0,132,3.3
Osogbo 77,1.0,132,3.6
Osogbo 77,2.0,132,3.6
Osogbo 77,3.0,132,3.8
Osogbo 77,4.0,132,3.6
Osogbo 81,1.0,132,3.3
Osogbo 81,2.0,132,3.5
Osogbo 81,3.0,132,3.5
Osogbo 81,4.0,132,3.5
Osogbo 79,1.0,132,3.2
Osogbo 79,2.0,132,3.4
Osogbo 79,3.0,132,3.2
Osogbo 79,4.0,132,3.5
Osogbo 85,1.0,132,2.9
Osogbo 85,2.0,132,2.8
Osogbo 85,3.0,132,2.7
Osogbo 85,4.0,132,2.8
Osogbo 89,1.0,132,2.8
Osogbo 89,2.0,132,2.8
Osogbo 89,3.0,132,2.7
Osogbo 89,4.0,132,2.9
Osogbo 84,1.0,132,2.8
Osogbo 84,2.0,132,2.9
Osogbo 84,3.0,132,2.8
Osogbo 84,4.0,132,2.9
Osogbo 74,1.0,132,2.9
Osogbo 74,2.0,132,2.9
Osogbo 74,3.0,132,2.9
Osogbo 74,4.0,132,3.1
Osogbo 92,1.0,132,2.7
Osogbo 92,2.0,132,2.8
Osogbo 92,3.0,132,2.7
Osogbo 92,4.0,132,2.7
Osogbo 90,1.0,132,3.6
Osogbo 90,2.0,132,3.7
Osogbo 90,3.0,132,3.7
Osogbo 90,4.0,132,3.6
A 19,1.0,132,4.5
A 19,2.0,132,4.5
A 19,3.0,132,4.6
A 19,4.0,132,4.6
B 29,1.0,132,4.5
B 29,2.0,132,4.5
B 29,3.0,132,4.6
B 29,4.0,132,4.7
A 15,1.0,132,3.2
A 15,2.0,132,3.1
A 15,3.0,132,3.2
A 15,4.0,132,3.1
B 18,1.0,132,4.0
B 18,2.0,132,4.2
B 18,3.0,132,4.1
B 18,4.0,132,4.1
A 41,1.0,132,3.5
A 41,2.0,132,3.4
A 41,3.0,132,3.2
A 41,4.0,132,3.3
A 29,1.0,132,2.8
A 29,2.0,132,2.8
A 29,3.0,132,2.8
A 29,4.0,132,2.9
FUS-HR-NIS 52,1.0,132,4.0
FUS-HR-NIS 52,2.0,132,3.9
FUS-HR-NIS 52,3.0,132,4.0
FUS-HR-NIS 52,4.0,132,4.1
FUS-HR-NIS 38,1.0,132,3.1
FUS-HR-NIS 38,2.0,132,3.0
FUS-HR-NIS 38,3.0,132,3.0
FUS-HR-NIS 38,4.0,132,3.0
FUS-SV-NIS 26,1.0,132,3.3
FUS-SV-NIS 26,2.0,132,3.4
FUS-SV-NIS 26,3.0,132,3.6
FUS-SV-NIS 26,4.0,132,3.5
FUS-SV-NIS 90,1.0,132,3.5
FUS-SV-NIS 90,2.0,132,3.6
FUS-SV-NIS 90,3.0,132,3.5
FUS-SV-NIS 90,4.0,132,3.5
FUS-SV-NIS 96,1.0,132,3.8
FUS-SV-NIS 96,2.0,132,3.9
FUS-SV-NIS 96,3.0,132,3.9
FUS-SV-NIS 96,4.0,132,3.8
FUS-SV-NIS 84,1.0,132,3.0
FUS-SV-NIS 84,2.0,132,2.7
FUS-SV-NIS 84,3.0,132,3.0
FUS-SV-NIS 84,4.0,132,3.0
CCF 104,1.0,144,3.9
CCF 104,2.0,144,3.9
CCF 104,3.0,144,4.0
CCF 104,4.0,144,4.0
A 33,1.0,144,5.3
A 33,2.0,144,5.4
A 33,3.0,144,5.5
A 33,4.0,144,5.5
B 15,1.0,144,4.9
B 15,2.0,144,4.7
B 15,3.0,144,4.9
B 15,4.0,144,4.8
C 2,1.0,144,3.6
C 2,2.0,144,3.6
C 2,3.0,144,3.6
C 2,4.0,144,3.6
Osogbo 77,1.0,144,4.0
Osogbo 77,2.0,144,4.0
Osogbo 77,3.0,144,4.2
Osogbo 77,4.0,144,4.1
Osogbo 81,1.0,144,3.6
Osogbo 81,2.0,144,3.8
Osogbo 81,3.0,144,3.8
Osogbo 81,4.0,144,3.8
Osogbo 79,1.0,144,3.6
Osogbo 79,2.0,144,3.7
Osogbo 79,3.0,144,3.5
Osogbo 79,4.0,144,3.7
Osogbo 85,1.0,144,3.1
Osogbo 85,2.0,144,3.0
Osogbo 85,3.0,144,2.9
Osogbo 85,4.0,144,3.0
Osogbo 89,1.0,144,3.0
Osogbo 89,2.0,144,3.0
Osogbo 89,3.0,144,2.9
Osogbo 89,4.0,144,3.1
Osogbo 84,1.0,144,3.0
Osogbo 84,2.0,144,3.1
Osogbo 84,3.0,144,3.0
Osogbo 84,4.0,144,3.1
Osogbo 74,1.0,144,3.1
Osogbo 74,2.0,144,3.1
Osogbo 74,3.0,144,3.1
Osogbo 74,4.0,144,3.3
Osogbo 92,1.0,144,2.9
Osogbo 92,2.0,144,3.0
Osogbo 92,3.0,144,2.9
Osogbo 92,4.0,144,2.9
Osogbo 90,1.0,144,3.9
Osogbo 90,2.0,144,4.0
Osogbo 90,3.0,144,4.0
Osogbo 90,4.0,144,3.9
A 19,1.0,144,4.9
A 19,2.0,144,4.9
A 19,3.0,144,5.0
A 19,4.0,144,4.9
B 29,1.0,144,4.8
B 29,2.0,144,4.8
B 29,3.0,144,4.7
B 29,4.0,144,4.9
A 15,1.0,144,3.5
A 15,2.0,144,3.5
A 15,3.0,144,3.5
A 15,4.0,144,3.5
B 18,1.0,144,4.3
B 18,2.0,144,4.5
B 18,3.0,144,4.5
B 18,4.0,144,4.3
A 41,1.0,144,3.8
A 41,2.0,144,3.8
A 41,3.0,144,3.6
A 41,4.0,144,3.6
A 29,1.0,144,3.0
A 29,2.0,144,3.0
A 29,3.0,144,3.0
A 29,4.0,144,3.1
FUS-HR-NIS 52,1.0,144,4.5
FUS-HR-NIS 52,2.0,144,4.5
FUS-HR-NIS 52,3.0,144,4.5
FUS-HR-NIS 52,4.0,144,4.6
FUS-HR-NIS 38,1.0,144,3.3
FUS-HR-NIS 38,2.0,144,3.4
FUS-HR-NIS 38,3.0,144,3.3
FUS-HR-NIS 38,4.0,144,3.3
FUS-SV-NIS 26,1.0,144,3.7
FUS-SV-NIS 26,2.0,144,3.8
FUS-SV-NIS 26,3.0,144,3.9
FUS-SV-NIS 26,4.0,144,3.9
FUS-SV-NIS 90,1.0,144,3.9
FUS-SV-NIS 90,2.0,144,3.9
FUS-SV-NIS 90,3.0,144,3.8
FUS-SV-NIS 90,4.0,144,3.7
FUS-SV-NIS 96,1.0,144,4.2
FUS-SV-NIS 96,2.0,144,4.4
FUS-SV-NIS 96,3.0,144,4.4
FUS-SV-NIS 96,4.0,144,4.3
FUS-SV-NIS 84,1.0,144,3.3
FUS-SV-NIS 84,2.0,144,3.1
FUS-SV-NIS 84,3.0,144,3.4
FUS-SV-NIS 84,4.0,144,3.4
CCF 104,1.0,156,4.2
CCF 104,2.0,156,4.2
CCF 104,3.0,156,4.3
CCF 104,4.0,156,4.3
A 33,1.0,156,5.7
A 33,2.0,156,5.8
A 33,3.0,156,5.9
A 33,4.0,156,5.9
B 15,1.0,156,5.4
B 15,2.0,156,5.2
B 15,3.0,156,5.4
B 15,4.0,156,5.4
C 2,1.0,156,4.0
C 2,2.0,156,4.0
C 2,3.0,156,4.1
C 2,4.0,156,4.0
Osogbo 77,1.0,156,4.3
Osogbo 77,2.0,156,4.3
Osogbo 77,3.0,156,4.4
Osogbo 77,4.0,156,4.4
Osogbo 81,1.0,156,3.9
Osogbo 81,2.0,156,4.1
Osogbo 81,3.0,156,4.1
Osogbo 81,4.0,156,4.1
Osogbo 79,1.0,156,4.0
Osogbo 79,2.0,156,3.9
Osogbo 79,3.0,156,3.8
Osogbo 79,4.0,156,3.9
Osogbo 85,1.0,156,3.3
Osogbo 85,2.0,156,3.2
Osogbo 85,3.0,156,3.1
Osogbo 85,4.0,156,3.2
Osogbo 89,1.0,156,3.2
Osogbo 89,2.0,156,3.2
Osogbo 89,3.0,156,3.1
Osogbo 89,4.0,156,3.3
Osogbo 84,1.0,156,3.2
Osogbo 84,2.0,156,3.3
Osogbo 84,3.0,156,3.2
Osogbo 84,4.0,156,3.3
Osogbo 74,1.0,156,3.3
Osogbo 74,2.0,156,3.3
Osogbo 74,3.0,156,3.3
Osogbo 74,4.0,156,3.5
Osogbo 92,1.0,156,3.1
Osogbo 92,2.0,156,3.2
Osogbo 92,3.0,156,3.1
Osogbo 92,4.0,156,3.1
Osogbo 90,1.0,156,4.2
Osogbo 90,2.0,156,4.3
Osogbo 90,3.0,156,4.3
Osogbo 90,4.0,156,4.2
A 19,1.0,156,5.5
A 19,2.0,156,5.6
A 19,3.0,156,5.6
A 19,4.0,156,5.6
B 29,1.0,156,5.4
B 29,2.0,156,5.6
B 29,3.0,156,5.4
B 29,4.0,156,5.5
A 15,1.0,156,3.7
A 15,2.0,156,3.7
A 15,3.0,156,3.7
A 15,4.0,156,3.7
B 18,1.0,156,4.5
B 18,2.0,156,4.7
B 18,3.0,156,4.7
B 18,4.0,156,4.5
A 41,1.0,156,4.0
A 41,2.0,156,4.0
A 41,3.0,156,3.8
A 41,4.0,156,3.8
A 29,1.0,156,3.2
A 29,2.0,156,3.2
A 29,3.0,156,3.2
A 29,4.0,156,3.3
FUS-HR-NIS 52,1.0,156,4.9
FUS-HR-NIS 52,2.0,156,5.0
FUS-HR-NIS 52,3.0,156,4.9
FUS-HR-NIS 52,4.0,156,5.0
FUS-HR-NIS 38,1.0,156,3.5
FUS-HR-NIS 38,2.0,156,3.6
FUS-HR-NIS 38,3.0,156,3.6
FUS-HR-NIS 38,4.0,156,3.6
FUS-SV-NIS 26,1.0,156,4.1
FUS-SV-NIS 26,2.0,156,4.1
FUS-SV-NIS 26,3.0,156,4.2
FUS-SV-NIS 26,4.0,156,4.2
FUS-SV-NIS 90,1.0,156,4.1
FUS-SV-NIS 90,2.0,156,4.1
FUS-SV-NIS 90,3.0,156,4.0
FUS-SV-NIS 90,4.0,156,3.9
FUS-SV-NIS 96,1.0,156,4.6
FUS-SV-NIS 96,2.0,156,4.8
FUS-SV-NIS 96,3.0,156,4.9
FUS-SV-NIS 96,4.0,156,4.8
FUS-SV-NIS 84,1.0,156,3.6
FUS-SV-NIS 84,2.0,156,3.5
FUS-SV-NIS 84,3.0,156,3.7
FUS-SV-NIS 84,4.0,156,3.7
CCF 104,1.0,168,4.5
CCF 104,2.0,168,4.5
CCF 104,3.0,168,4.6
CCF 104,4.0,168,4.6
A 33,1.0,168,6.0
A 33,2.0,168,6.1
A 33,3.0,168,6.2
A 33,4.0,168,6.2
B 15,1.0,168,5.9
B 15,2.0,168,5.8
B 15,3.0,168,5.9
B 15,4.0,168,6.0
C 2,1.0,168,4.4
C 2,2.0,168,4.4
C 2,3.0,168,4.5
C 2,4.0,168,4.4
Osogbo 77,1.0,168,4.6
Osogbo 77,2.0,168,4.6
Osogbo 77,3.0,168,4.6
Osogbo 77,4.0,168,4.7
Osogbo 81,1.0,168,4.2
Osogbo 81,2.0,168,4.4
Osogbo 81,3.0,168,4.4
Osogbo 81,4.0,168,4.4
Osogbo 79,1.0,168,4.2
Osogbo 79,2.0,168,4.1
Osogbo 79,3.0,168,4.1
Osogbo 79,4.0,168,4.2
Osogbo 85,1.0,168,3.5
Osogbo 85,2.0,168,3.4
Osogbo 85,3.0,168,3.3
Osogbo 85,4.0,168,3.4
Osogbo 89,1.0,168,3.4
Osogbo 89,2.0,168,3.4
Osogbo 89,3.0,168,3.3
Osogbo 89,4.0,168,3.5
Osogbo 84,1.0,168,3.4
Osogbo 84,2.0,168,3.5
Osogbo 84,3.0,168,3.4
Osogbo 84,4.0,168,3.5
Osogbo 74,1.0,168,3.5
Osogbo 74,2.0,168,3.5
Osogbo 74,3.0,168,3.5
Osogbo 74,4.0,168,3.7
Osogbo 92,1.0,168,3.3
Osogbo 92,2.0,168,3.4
Osogbo 92,3.0,168,3.3
Osogbo 92,4.0,168,3.3
Osogbo 90,1.0,168,4.4
Osogbo 90,2.0,168,4.6
Osogbo 90,3.0,168,4.6
Osogbo 90,4.0,168,4.5
A 19,1.0,168,5.9
A 19,2.0,168,6.0
A 19,3.0,168,6.0
A 19,4.0,168,5.9
B 29,1.0,168,6.4
B 29,2.0,168,6.7
B 29,3.0,168,6.3
B 29,4.0,168,6.5
A 15,1.0,168,3.9
A 15,2.0,168,3.9
A 15,3.0,168,3.9
A 15,4.0,168,3.9
B 18,1.0,168,4.7
B 18,2.0,168,4.9
B 18,3.0,168,4.9
B 18,4.0,168,4.7
A 41,1.0,168,4.2
A 41,2.0,168,4.2
A 41,3.0,168,4.0
A 41,4.0,168,4.0
A 29,1.0,168,3.4
A 29,2.0,168,3.4
A 29,3.0,168,3.4
A 29,4.0,168,3.5
FUS-HR-NIS 52,1.0,168,5.3
FUS-HR-NIS 52,2.0,168,5.6
FUS-HR-NIS 52,3.0,168,5.4
FUS-HR-NIS 52,4.0,168,5.5
FUS-HR-NIS 38,1.0,168,3.8
FUS-HR-NIS 38,2.0,168,4.0
FUS-HR-NIS 38,3.0,168,3.9
FUS-HR-NIS 38,4.0,168,3.9
FUS-SV-NIS 26,1.0,168,4.5
FUS-SV-NIS 26,2.0,168,4.4
FUS-SV-NIS 26,3.0,168,4.6
FUS-SV-NIS 26,4.0,168,4.6
FUS-SV-NIS 90,1.0,168,4.4
FUS-SV-NIS 90,2.0,168,4.6
FUS-SV-NIS 90,3.0,168,4.4
FUS-SV-NIS 90,4.0,168,4.2
FUS-SV-NIS 96,1.0,168,5.0
FUS-SV-NIS 96,2.0,168,5.3
FUS-SV-NIS 96,3.0,168,5.4
FUS-SV-NIS 96,4.0,168,5.3
FUS-SV-NIS 84,1.0,168,3.9
FUS-SV-NIS 84,2.0,168,3.9
FUS-SV-NIS 84,3.0,168,4.1
FUS-SV-NIS 84,4.0,168,4.0
CCF 104,1.0,180,4.8
CCF 104,2.0,180,4.8
CCF 104,3.0,180,4.9
CCF 104,4.0,180,4.9
A 33,1.0,180,6.5
A 33,2.0,180,6.6
A 33,3.0,180,6.7
A 33,4.0,180,6.7
B 15,1.0,180,6.3
B 15,2.0,180,6.1
B 15,3.0,180,6.3
B 15,4.0,180,6.3
C 2,1.0,180,4.8
C 2,2.0,180,4.8
C 2,3.0,180,4.9
C 2,4.0,180,4.8
Osogbo 77,1.0,180,4.9
Osogbo 77,2.0,180,4.9
Osogbo 77,3.0,180,4.8
Osogbo 77,4.0,180,5.0
Osogbo 81,1.0,180,4.5
Osogbo 81,2.0,180,4.7
Osogbo 81,3.0,180,4.7
Osogbo 81,4.0,180,4.7
Osogbo 79,1.0,180,4.4
Osogbo 79,2.0,180,4.3
Osogbo 79,3.0,180,4.4
Osogbo 79,4.0,180,4.4
Osogbo 85,1.0,180,3.7
Osogbo 85,2.0,180,3.6
Osogbo 85,3.0,180,3.5
Osogbo 85,4.0,180,3.6
Osogbo 89,1.0,180,3.6
Osogbo 89,2.0,180,3.6
Osogbo 89,3.0,180,3.5
Osogbo 89,4.0,180,3.7
Osogbo 84,1.0,180,3.6
Osogbo 84,2.0,180,3.7
Osogbo 84,3.0,180,3.6
Osogbo 84,4.0,180,3.7
Osogbo 74,1.0,180,3.7
Osogbo 74,2.0,180,3.7
Osogbo 74,3.0,180,3.7
Osogbo 74,4.0,180,3.9
Osogbo 92,1.0,180,3.5
Osogbo 92,2.0,180,3.6
Osogbo 92,3.0,180,3.5
Osogbo 92,4.0,180,3.5
Osogbo 90,1.0,180,4.8
Osogbo 90,2.0,180,4.9
Osogbo 90,3.0,180,4.9
Osogbo 90,4.0,180,4.8
A 19,1.0,180,6.2
A 19,2.0,180,6.4
A 19,3.0,180,6.4
A 19,4.0,180,6.3
B 29,1.0,180,6.8
B 29,2.0,180,7.1
B 29,3.0,180,6.6
B 29,4.0,180,6.9
A 15,1.0,180,4.1
A 15,2.0,180,4.1
A 15,3.0,180,4.1
A 15,4.0,180,4.1
B 18,1.0,180,4.9
B 18,2.0,180,5.1
B 18,3.0,180,5.1
B 18,4.0,180,4.9
A 41,1.0,180,4.4
A 41,2.0,180,4.4
A 41,3.0,180,4.2
A 41,4.0,180,4.2
A 29,1.0,180,3.6
A 29,2.0,180,3.6
A 29,3.0,180,3.6
A 29,4.0,180,3.7
FUS-HR-NIS 52,1.0,180,5.5
FUS-HR-NIS 52,2.0,180,5.9
FUS-HR-NIS 52,3.0,180,5.7
FUS-HR-NIS 52,4.0,180,5.7
FUS-HR-NIS 38,1.0,180,4.0
FUS-HR-NIS 38,2.0,180,4.1
FUS-HR-NIS 38,3.0,180,4.1
FUS-HR-NIS 38,4.0,180,4.1
FUS-SV-NIS 26,1.0,180,4.7
FUS-SV-NIS 26,2.0,180,4.6
FUS-SV-NIS 26,3.0,180,4.8
FUS-SV-NIS 26,4.0,180,4.8
FUS-SV-NIS 90,1.0,180,4.6
FUS-SV-NIS 90,2.0,180,4.8
FUS-SV-NIS 90,3.0,180,4.6
FUS-SV-NIS 90,4.0,180,4.6
FUS-SV-NIS 96,1.0,180,5.4
FUS-SV-NIS 96,2.0,180,5.7
FUS-SV-NIS 96,3.0,180,5.9
FUS-SV-NIS 96,4.0,180,5.8
FUS-SV-NIS 84,1.0,180,4.3
FUS-SV-NIS 84,2.0,180,4.3
FUS-SV-NIS 84,3.0,180,4.5
FUS-SV-NIS 84,4.0,180,4.4
CCF 104,1.0,192,5.1
CCF 104,2.0,192,5.1
CCF 104,3.0,192,5.2
CCF 104,4.0,192,5.2
A 33,1.0,192,6.9
A 33,2.0,192,7.0
A 33,3.0,192,7.1
A 33,4.0,192,7.1
B 15,1.0,192,6.8
B 15,2.0,192,6.7
B 15,3.0,192,6.8
B 15,4.0,192,6.9
C 2,1.0,192,5.2
C 2,2.0,192,5.2
C 2,3.0,192,5.3
C 2,4.0,192,5.2
Osogbo 77,1.0,192,5.2
Osogbo 77,2.0,192,5.2
Osogbo 77,3.0,192,5.0
Osogbo 77,4.0,192,5.2
Osogbo 81,1.0,192,4.8
Osogbo 81,2.0,192,5.0
Osogbo 81,3.0,192,5.0
Osogbo 81,4.0,192,5.0
Osogbo 79,1.0,192,4.6
Osogbo 79,2.0,192,4.5
Osogbo 79,3.0,192,4.6
Osogbo 79,4.0,192,4.8
Osogbo 85,1.0,192,3.9
Osogbo 85,2.0,192,3.8
Osogbo 85,3.0,192,3.7
Osogbo 85,4.0,192,3.8
Osogbo 89,1.0,192,3.8
Osogbo 89,2.0,192,3.8
Osogbo 89,3.0,192,3.7
Osogbo 89,4.0,192,3.9
Osogbo 84,1.0,192,3.8
Osogbo 84,2.0,192,3.9
Osogbo 84,3.0,192,3.8
Osogbo 84,4.0,192,3.9
Osogbo 74,1.0,192,3.9
Osogbo 74,2.0,192,3.9
Osogbo 74,3.0,192,3.9
Osogbo 74,4.0,192,4.1
Osogbo 92,1.0,192,3.7
Osogbo 92,2.0,192,3.8
Osogbo 92,3.0,192,3.7
Osogbo 92,4.0,192,3.7
Osogbo 90,1.0,192,5.3
Osogbo 90,2.0,192,5.3
Osogbo 90,3.0,192,5.4
Osogbo 90,4.0,192,5.4
A 19,1.0,192,6.6
A 19,2.0,192,6.8
A 19,3.0,192,6.7
A 19,4.0,192,6.6
B 29,1.0,192,7.1
B 29,2.0,192,7.5
B 29,3.0,192,7.0
B 29,4.0,192,7.3
A 15,1.0,192,4.3
A 15,2.0,192,4.3
A 15,3.0,192,4.3
A 15,4.0,192,4.3
B 18,1.0,192,5.1
B 18,2.0,192,5.3
B 18,3.0,192,5.3
B 18,4.0,192,5.1
A 41,1.0,192,4.6
A 41,2.0,192,4.6
A 41,3.0,192,4.4
A 41,4.0,192,4.4
A 29,1.0,192,3.8
A 29,2.0,192,3.8
A 29,3.0,192,3.8
A 29,4.0,192,3.9
FUS-HR-NIS 52,1.0,192,6.0
FUS-HR-NIS 52,2.0,192,6.5
FUS-HR-NIS 52,3.0,192,6.2
FUS-HR-NIS 52,4.0,192,6.2
FUS-HR-NIS 38,1.0,192,4.2
FUS-HR-NIS 38,2.0,192,4.4
FUS-HR-NIS 38,3.0,192,4.4
FUS-HR-NIS 38,4.0,192,4.4
FUS-SV-NIS 26,1.0,192,5.1
FUS-SV-NIS 26,2.0,192,5.0
FUS-SV-NIS 26,3.0,192,5.2
FUS-SV-NIS 26,4.0,192,5.2
FUS-SV-NIS 90,1.0,192,4.9
FUS-SV-NIS 90,2.0,192,5.2
FUS-SV-NIS 90,3.0,192,5.0
FUS-SV-NIS 90,4.0,192,4.9
FUS-SV-NIS 96,1.0,192,5.4
FUS-SV-NIS 96,2.0,192,5.7
FUS-SV-NIS 96,3.0,192,5.9
FUS-SV-NIS 96,4.0,192,5.8
FUS-SV-NIS 84,1.0,192,4.7
FUS-SV-NIS 84,2.0,192,4.7
FUS-SV-NIS 84,3.0,192,4.8
FUS-SV-NIS 84,4.0,192,4.8
CCF 104,1.0,204,5.4
CCF 104,2.0,204,5.4
CCF 104,3.0,204,5.5
CCF 104,4.0,204,5.5
A 33,1.0,204,7.3
A 33,2.0,204,7.4
A 33,3.0,204,7.5
A 33,4.0,204,7.5
B 15,1.0,204,7.1
B 15,2.0,204,7.1
B 15,3.0,204,7.1
B 15,4.0,204,7.3
C 2,1.0,204,5.6
C 2,2.0,204,5.6
C 2,3.0,204,5.7
C 2,4.0,204,5.6
Osogbo 77,1.0,204,5.5
Osogbo 77,2.0,204,5.5
Osogbo 77,3.0,204,5.3
Osogbo 77,4.0,204,5.5
Osogbo 81,1.0,204,5.1
Osogbo 81,2.0,204,5.3
Osogbo 81,3.0,204,5.3
Osogbo 81,4.0,204,5.3
Osogbo 79,1.0,204,4.8
Osogbo 79,2.0,204,4.7
Osogbo 79,3.0,204,4.9
Osogbo 79,4.0,204,5.1
Osogbo 85,1.0,204,4.1
Osogbo 85,2.0,204,4.0
Osogbo 85,3.0,204,3.9
Osogbo 85,4.0,204,4.0
Osogbo 89,1.0,204,4.0
Osogbo 89,2.0,204,4.0
Osogbo 89,3.0,204,3.9
Osogbo 89,4.0,204,4.1
Osogbo 84,1.0,204,4.0
Osogbo 84,2.0,204,4.1
Osogbo 84,3.0,204,4.0
Osogbo 84,4.0,204,4.1
Osogbo 74,1.0,204,4.1
Osogbo 74,2.0,204,4.1
Osogbo 74,3.0,204,4.1
Osogbo 74,4.0,204,4.3
Osogbo 92,1.0,204,3.9
Osogbo 92,2.0,204,4.0
Osogbo 92,3.0,204,3.9
Osogbo 92,4.0,204,3.9
Osogbo 90,1.0,204,5.7
Osogbo 90,2.0,204,5.7
Osogbo 90,3.0,204,5.7
Osogbo 90,4.0,204,5.7
A 19,1.0,204,6.9
A 19,2.0,204,7.1
A 19,3.0,204,7.1
A 19,4.0,204,7.0
B 29,1.0,204,7.5
B 29,2.0,204,7.9
B 29,3.0,204,7.5
B 29,4.0,204,7.8
A 15,1.0,204,4.5
A 15,2.0,204,4.5
A 15,3.0,204,4.5
A 15,4.0,204,4.5
B 18,1.0,204,5.3
B 18,2.0,204,5.5
B 18,3.0,204,5.5
B 18,4.0,204,5.3
A 41,1.0,204,4.8
A 41,2.0,204,4.8
A 41,3.0,204,4.6
A 41,4.0,204,4.6
A 29,1.0,204,4.0
A 29,2.0,204,4.0
A 29,3.0,204,4.0
A 29,4.0,204,4.1
FUS-HR-NIS 52,1.0,204,6.2
FUS-HR-NIS 52,2.0,204,6.7
FUS-HR-NIS 52,3.0,204,6.4
FUS-HR-NIS 52,4.0,204,6.4
FUS-HR-NIS 38,1.0,204,4.4
FUS-HR-NIS 38,2.0,204,4.5
FUS-HR-NIS 38,3.0,204,4.6
FUS-HR-NIS 38,4.0,204,4.6
FUS-SV-NIS 26,1.0,204,5.4
FUS-SV-NIS 26,2.0,204,5.2
FUS-SV-NIS 26,3.0,204,5.4
FUS-SV-NIS 26,4.0,204,5.3
FUS-SV-NIS 90,1.0,204,5.1
FUS-SV-NIS 90,2.0,204,5.4
FUS-SV-NIS 90,3.0,204,5.2
FUS-SV-NIS 90,4.0,204,5.2
FUS-SV-NIS 96,1.0,204,5.8
FUS-SV-NIS 96,2.0,204,6.1
FUS-SV-NIS 96,3.0,204,6.2
FUS-SV-NIS 96,4.0,204,6.1
FUS-SV-NIS 84,1.0,204,5.1
FUS-SV-NIS 84,2.0,204,5.1
FUS-SV-NIS 84,3.0,204,5.2
FUS-SV-NIS 84,4.0,204,5.1
CCF 104,1.0,216,5.7
CCF 104,2.0,216,5.7
CCF 104,3.0,216,5.8
CCF 104,4.0,216,5.8
A 33,1.0,216,7.7
A 33,2.0,216,7.8
A 33,3.0,216,7.9
A 33,4.0,216,7.9
B 15,1.0,216,7.6
B 15,2.0,216,7.4
B 15,3.0,216,7.6
B 15,4.0,216,7.9
C 2,1.0,216,6.0
C 2,2.0,216,6.0
C 2,3.0,216,6.1
C 2,4.0,216,6.0
Osogbo 77,1.0,216,5.8
Osogbo 77,2.0,216,5.8
Osogbo 77,3.0,216,5.7
Osogbo 77,4.0,216,5.8
Osogbo 81,1.0,216,5.4
Osogbo 81,2.0,216,5.6
Osogbo 81,3.0,216,5.6
Osogbo 81,4.0,216,5.6
Osogbo 79,1.0,216,5.0
Osogbo 79,2.0,216,5.0
Osogbo 79,3.0,216,5.0
Osogbo 79,4.0,216,5.0
Osogbo 85,1.0,216,4.3
Osogbo 85,2.0,216,4.2
Osogbo 85,3.0,216,4.1
Osogbo 85,4.0,216,4.2
Osogbo 89,1.0,216,4.2
Osogbo 89,2.0,216,4.2
Osogbo 89,3.0,216,4.1
Osogbo 89,4.0,216,4.3
Osogbo 84,1.0,216,4.2
Osogbo 84,2.0,216,4.3
Osogbo 84,3.0,216,4.2
Osogbo 84,4.0,216,4.3
Osogbo 74,1.0,216,4.3
Osogbo 74,2.0,216,4.3
Osogbo 74,3.0,216,4.3
Osogbo 74,4.0,216,4.5
Osogbo 92,1.0,216,4.1
Osogbo 92,2.0,216,4.2
Osogbo 92,3.0,216,4.1
Osogbo 92,4.0,216,4.1
Osogbo 90,1.0,216,6.0
Osogbo 90,2.0,216,6.0
Osogbo 90,3.0,216,6.0
Osogbo 90,4.0,216,6.0
A 19,1.0,216,7.5
A 19,2.0,216,7.5
A 19,3.0,216,7.5
A 19,4.0,216,7.5
B 29,1.0,216,7.9
B 29,2.0,216,8.3
B 29,3.0,216,7.9
B 29,4.0,216,8.1
A 15,1.0,216,4.7
A 15,2.0,216,4.7
A 15,3.0,216,4.7
A 15,4.0,216,4.7
B 18,1.0,216,5.5
B 18,2.0,216,5.7
B 18,3.0,216,5.7
B 18,4.0,216,5.5
A 41,1.0,216,5.0
A 41,2.0,216,5.0
A 41,3.0,216,4.8
A 41,4.0,216,4.8
A 29,1.0,216,4.2
A 29,2.0,216,4.2
A 29,3.0,216,4.2
A 29,4.0,216,4.3
FUS-HR-NIS 52,1.0,216,6.6
FUS-HR-NIS 52,2.0,216,7.3
FUS-HR-NIS 52,3.0,216,6.9
FUS-HR-NIS 52,4.0,216,6.9
FUS-HR-NIS 38,1.0,216,4.7
FUS-HR-NIS 38,2.0,216,4.9
FUS-HR-NIS 38,3.0,216,4.9
FUS-HR-NIS 38,4.0,216,4.9
FUS-SV-NIS 26,1.0,216,5.8
FUS-SV-NIS 26,2.0,216,5.5
FUS-SV-NIS 26,3.0,216,5.8
FUS-SV-NIS 26,4.0,216,5.7
FUS-SV-NIS 90,1.0,216,5.3
FUS-SV-NIS 90,2.0,216,5.6
FUS-SV-NIS 90,3.0,216,5.4
FUS-SV-NIS 90,4.0,216,5.4
FUS-SV-NIS 96,1.0,216,6.2
FUS-SV-NIS 96,2.0,216,6.4
FUS-SV-NIS 96,3.0,216,6.5
FUS-SV-NIS 96,4.0,216,6.4
FUS-SV-NIS 84,1.0,216,5.5
FUS-SV-NIS 84,2.0,216,5.5
FUS-SV-NIS 84,3.0,216,5.6
FUS-SV-NIS 84,4.0,216,5.5
CCF 104,1.0,228,6.0
CCF 104,2.0,228,6.0
CCF 104,3.0,228,6.1
CCF 104,4.0,228,6.1
A 33,1.0,228,8.2
A 33,2.0,228,8.3
A 33,3.0,228,8.4
A 33,4.0,228,8.4
B 15,1.0,228,7.9
B 15,2.0,228,7.7
B 15,3.0,228,7.8
B 15,4.0,228,7.8
C 2,1.0,228,6.4
C 2,2.0,228,6.4
C 2,3.0,228,6.5
C 2,4.0,228,6.4
Osogbo 77,1.0,228,6.1
Osogbo 77,2.0,228,6.1
Osogbo 77,3.0,228,6.0
Osogbo 77,4.0,228,6.1
Osogbo 81,1.0,228,5.7
Osogbo 81,2.0,228,5.9
Osogbo 81,3.0,228,5.9
Osogbo 81,4.0,228,5.9
Osogbo 79,1.0,228,5.2
Osogbo 79,2.0,228,5.2
Osogbo 79,3.0,228,5.3
Osogbo 79,4.0,228,5.3
Osogbo 85,1.0,228,4.5
Osogbo 85,2.0,228,4.4
Osogbo 85,3.0,228,4.3
Osogbo 85,4.0,228,4.4
Osogbo 89,1.0,228,4.4
Osogbo 89,2.0,228,4.4
Osogbo 89,3.0,228,4.3
Osogbo 89,4.0,228,4.5
Osogbo 84,1.0,228,4.4
Osogbo 84,2.0,228,4.5
Osogbo 84,3.0,228,4.4
Osogbo 84,4.0,228,4.5
Osogbo 74,1.0,228,4.5
Osogbo 74,2.0,228,4.5
Osogbo 74,3.0,228,4.5
Osogbo 74,4.0,228,4.7
Osogbo 92,1.0,228,4.3
Osogbo 92,2.0,228,4.4
Osogbo 92,3.0,228,4.3
Osogbo 92,4.0,228,4.3
Osogbo 90,1.0,228,6.4
Osogbo 90,2.0,228,6.4
Osogbo 90,3.0,228,6.3
Osogbo 90,4.0,228,6.3
A 19,1.0,228,8.0
A 19,2.0,228,8.1
A 19,3.0,228,8.1
A 19,4.0,228,8.1
B 29,1.0,228,8.3
B 29,2.0,228,8.4
B 29,3.0,228,8.3
B 29,4.0,228,8.4
A 15,1.0,228,4.9
A 15,2.0,228,4.9
A 15,3.0,228,4.9
A 15,4.0,228,4.9
B 18,1.0,228,5.7
B 18,2.0,228,5.9
B 18,3.0,228,5.9
B 18,4.0,228,5.7
A 41,1.0,228,5.2
A 41,2.0,228,5.2
A 41,3.0,228,5.0
A 41,4.0,228,5.0
A 29,1.0,228,4.4
A 29,2.0,228,4.4
A 29,3.0,228,4.4
A 29,4.0,228,4.5
FUS-HR-NIS 52,1.0,228,6.9
FUS-HR-NIS 52,2.0,228,7.2
FUS-HR-NIS 52,3.0,228,7.0
FUS-HR-NIS 52,4.0,228,6.9
FUS-HR-NIS 38,1.0,228,5.0
FUS-HR-NIS 38,2.0,228,4.9
FUS-HR-NIS 38,3.0,228,5.0
FUS-HR-NIS 38,4.0,228,5.0
FUS-SV-NIS 26,1.0,228,6.1
FUS-SV-NIS 26,2.0,228,5.9
FUS-SV-NIS 26,3.0,228,5.9
FUS-SV-NIS 26,4.0,228,6.0
FUS-SV-NIS 90,1.0,228,5.5
FUS-SV-NIS 90,2.0,228,5.8
FUS-SV-NIS 90,3.0,228,5.6
FUS-SV-NIS 90,4.0,228,5.7
FUS-SV-NIS 96,1.0,228,6.6
FUS-SV-NIS 96,2.0,228,6.8
FUS-SV-NIS 96,3.0,228,6.8
FUS-SV-NIS 96,4.0,228,6.7
FUS-SV-NIS 84,1.0,228,5.9
FUS-SV-NIS 84,2.0,228,5.9
FUS-SV-NIS 84,3.0,228,6.0
FUS-SV-NIS 84,4.0,228,5.9
CCF 104,1.0,240,6.3
CCF 104,2.0,240,6.3
CCF 104,3.0,240,6.4
CCF 104,4.0,240,6.4
A 33,1.0,240,8.4
A 33,2.0,240,8.4
A 33,3.0,240,8.4
A 33,4.0,240,8.4
B 15,1.0,240,8.2
B 15,2.0,240,8.1
B 15,3.0,240,8.2
B 15,4.0,240,8.4
C 2,1.0,240,6.8
C 2,2.0,240,6.8
C 2,3.0,240,6.9
C 2,4.0,240,6.8
Osogbo 77,1.0,240,6.4
Osogbo 77,2.0,240,6.4
Osogbo 77,3.0,240,6.3
Osogbo 77,4.0,240,6.4
Osogbo 81,1.0,240,6.0
Osogbo 81,2.0,240,6.2
Osogbo 81,3.0,240,6.2
Osogbo 81,4.0,240,6.2
Osogbo 79,1.0,240,5.4
Osogbo 79,2.0,240,5.4
Osogbo 79,3.0,240,5.6
Osogbo 79,4.0,240,5.5
Osogbo 85,1.0,240,4.7
Osogbo 85,2.0,240,4.6
Osogbo 85,3.0,240,4.5
Osogbo 85,4.0,240,4.6
Osogbo 89,1.0,240,4.6
Osogbo 89,2.0,240,4.6
Osogbo 89,3.0,240,4.5
Osogbo 89,4.0,240,4.7
Osogbo 84,1.0,240,4.6
Osogbo 84,2.0,240,4.7
Osogbo 84,3.0,240,4.6
Osogbo 84,4.0,240,4.7
Osogbo 74,1.0,240,4.7
Osogbo 74,2.0,240,4.7
Osogbo 74,3.0,240,4.7
Osogbo 74,4.0,240,4.9
Osogbo 92,1.0,240,4.5
Osogbo 92,2.0,240,4.6
Osogbo 92,3.0,240,4.5
Osogbo 92,4.0,240,4.5
Osogbo 90,1.0,240,6.8
Osogbo 90,2.0,240,6.8
Osogbo 90,3.0,240,6.6
Osogbo 90,4.0,240,6.6
A 19,1.0,240,8.4
A 19,2.0,240,8.4
A 19,3.0,240,8.4
A 19,4.0,240,8.4
B 29,1.0,240,8.4
B 29,2.0,240,8.4
B 29,3.0,240,8.4
B 29,4.0,240,8.4
A 15,1.0,240,5.1
A 15,2.0,240,5.1
A 15,3.0,240,5.1
A 15,4.0,240,5.1
B 18,1.0,240,5.9
B 18,2.0,240,6.1
B 18,3.0,240,6.1
B 18,4.0,240,5.9
A 41,1.0,240,5.4
A 41,2.0,240,5.4
A 41,3.0,240,5.2
A 41,4.0,240,5.2
A 29,1.0,240,4.6
A 29,2.0,240,4.6
A 29,3.0,240,4.6
A 29,4.0,240,4.7
FUS-HR-NIS 52,1.0,240,7.4
FUS-HR-NIS 52,2.0,240,7.4
FUS-HR-NIS 52,3.0,240,7.3
FUS-HR-NIS 52,4.0,240,7.4
FUS-HR-NIS 38,1.0,240,5.3
FUS-HR-NIS 38,2.0,240,5.3
FUS-HR-NIS 38,3.0,240,5.3
FUS-HR-NIS 38,4.0,240,5.3
FUS-SV-NIS 26,1.0,240,6.3
FUS-SV-NIS 26,2.0,240,6.2
FUS-SV-NIS 26,3.0,240,6.2
FUS-SV-NIS 26,4.0,240,6.3
FUS-SV-NIS 90,1.0,240,5.7
FUS-SV-NIS 90,2.0,240,6.0
FUS-SV-NIS 90,3.0,240,5.8
FUS-SV-NIS 90,4.0,240,6.0
FUS-SV-NIS 96,1.0,240,7.0
FUS-SV-NIS 96,2.0,240,7.1
FUS-SV-NIS 96,3.0,240,7.1
FUS-SV-NIS 96,4.0,240,7.0
FUS-SV-NIS 84,1.0,240,6.3
FUS-SV-NIS 84,2.0,240,6.3
FUS-SV-NIS 84,3.0,240,6.4
FUS-SV-NIS 84,4.0,240,6.3
CCF 104,1.0,252,6.6
CCF 104,2.0,252,6.6
CCF 104,3.0,252,6.7
CCF 104,4.0,252,6.7
A 33,1.0,252,8.4
A 33,2.0,252,8.4
A 33,3.0,252,8.4
A 33,4.0,252,8.4
B 15,1.0,252,8.4
B 15,2.0,252,8.3
B 15,3.0,252,8.4
B 15,4.0,252,8.4
C 2,1.0,252,7.1
C 2,2.0,252,7.2
C 2,3.0,252,7.2
C 2,4.0,252,7.2
Osogbo 77,1.0,252,6.7
Osogbo 77,2.0,252,6.7
Osogbo 77,3.0,252,6.7
Osogbo 77,4.0,252,6.7
Osogbo 81,1.0,252,6.3
Osogbo 81,2.0,252,6.5
Osogbo 81,3.0,252,6.5
Osogbo 81,4.0,252,6.5
Osogbo 79,1.0,252,5.6
Osogbo 79,2.0,252,5.6
Osogbo 79,3.0,252,5.9
Osogbo 79,4.0,252,5.8
Osogbo 85,1.0,252,4.9
Osogbo 85,2.0,252,4.8
Osogbo 85,3.0,252,4.7
Osogbo 85,4.0,252,4.8
Osogbo 89,1.0,252,4.8
Osogbo 89,2.0,252,4.8
Osogbo 89,3.0,252,4.7
Osogbo 89,4.0,252,4.9
Osogbo 84,1.0,252,4.8
Osogbo 84,2.0,252,4.9
Osogbo 84,3.0,252,4.8
Osogbo 84,4.0,252,4.9
Osogbo 74,1.0,252,4.9
Osogbo 74,2.0,252,4.9
Osogbo 74,3.0,252,4.9
Osogbo 74,4.0,252,5.1
Osogbo 92,1.0,252,4.7
Osogbo 92,2.0,252,4.8
Osogbo 92,3.0,252,4.7
Osogbo 92,4.0,252,4.7
Osogbo 90,1.0,252,7.1
Osogbo 90,2.0,252,7.1
Osogbo 90,3.0,252,6.9
Osogbo 90,4.0,252,6.9
A 19,1.0,252,8.4
A 19,2.0,252,8.4
A 19,3.0,252,8.4
A 19,4.0,252,8.4
B 29,1.0,252,8.4
B 29,2.0,252,8.4
B 29,3.0,252,8.4
B 29,4.0,252,8.4
A 15,1.0,252,5.3
A 15,2.0,252,5.3
A 15,3.0,252,5.3
A 15,4.0,252,5.3
B 18,1.0,252,6.1
B 18,2.0,252,6.3
B 18,3.0,252,6.3
B 18,4.0,252,6.1
A 41,1.0,252,5.6
A 41,2.0,252,5.6
A 41,3.0,252,5.4
A 41,4.0,252,5.4
A 29,1.0,252,4.8
A 29,2.0,252,4.8
A 29,3.0,252,4.8
A 29,4.0,252,4.9
FUS-HR-NIS 52,1.0,252,7.6
FUS-HR-NIS 52,2.0,252,7.6
FUS-HR-NIS 52,3.0,252,7.5
FUS-HR-NIS 52,4.0,252,7.6
FUS-HR-NIS 38,1.0,252,5.5
FUS-HR-NIS 38,2.0,252,5.5
FUS-HR-NIS 38,3.0,252,5.6
FUS-HR-NIS 38,4.0,252,5.6
FUS-SV-NIS 26,1.0,252,6.5
FUS-SV-NIS 26,2.0,252,6.5
FUS-SV-NIS 26,3.0,252,6.5
FUS-SV-NIS 26,4.0,252,6.5
FUS-SV-NIS 90,1.0,252,5.9
FUS-SV-NIS 90,2.0,252,6.2
FUS-SV-NIS 90,3.0,252,6.0
FUS-SV-NIS 90,4.0,252,6.2
FUS-SV-NIS 96,1.0,252,7.4
FUS-SV-NIS 96,2.0,252,7.5
FUS-SV-NIS 96,3.0,252,7.4
FUS-SV-NIS 96,4.0,252,7.3
FUS-SV-NIS 84,1.0,252,6.8
FUS-SV-NIS 84,2.0,252,6.8
FUS-SV-NIS 84,3.0,252,6.9
FUS-SV-NIS 84,4.0,252,6.8
CCF 104,1.0,264,6.9
CCF 104,2.0,264,6.9
CCF 104,3.0,264,7.0
CCF 104,4.0,264,7.0
A 33,1.0,264,8.4
A 33,2.0,264,8.4
A 33,3.0,264,8.4
A 33,4.0,264,8.4
B 15,1.0,264,8.4
B 15,2.0,264,8.4
B 15,3.0,264,8.4
B 15,4.0,264,8.4
C 2,1.0,264,7.5
C 2,2.0,264,7.5
C 2,3.0,264,7.6
C 2,4.0,264,7.6
Osogbo 77,1.0,264,7.0
Osogbo 77,2.0,264,7.0
Osogbo 77,3.0,264,7.0
Osogbo 77,4.0,264,7.0
Osogbo 81,1.0,264,6.6
Osogbo 81,2.0,264,6.8
Osogbo 81,3.0,264,6.8
Osogbo 81,4.0,264,6.8
Osogbo 79,1.0,264,5.8
Osogbo 79,2.0,264,5.8
Osogbo 79,3.0,264,6.1
Osogbo 79,4.0,264,6.1
Osogbo 85,1.0,264,5.1
Osogbo 85,2.0,264,5.0
Osogbo 85,3.0,264,4.9
Osogbo 85,4.0,264,5.0
Osogbo 89,1.0,264,5.0
Osogbo 89,2.0,264,5.0
Osogbo 89,3.0,264,4.9
Osogbo 89,4.0,264,5.1
Osogbo 84,1.0,264,5.0
Osogbo 84,2.0,264,5.1
Osogbo 84,3.0,264,5.0
Osogbo 84,4.0,264,5.1
Osogbo 74,1.0,264,5.1
Osogbo 74,2.0,264,5.1
Osogbo 74,3.0,264,5.1
Osogbo 74,4.0,264,5.3
Osogbo 92,1.0,264,4.9
Osogbo 92,2.0,264,5.0
Osogbo 92,3.0,264,4.9
Osogbo 92,4.0,264,4.9
Osogbo 90,1.0,264,7.4
Osogbo 90,2.0,264,7.4
Osogbo 90,3.0,264,7.3
Osogbo 90,4.0,264,7.2
A 19,1.0,264,8.4
A 19,2.0,264,8.4
A 19,3.0,264,8.4
A 19,4.0,264,8.4
B 29,1.0,264,8.4
B 29,2.0,264,8.4
B 29,3.0,264,8.4
B 29,4.0,264,8.4
A 15,1.0,264,5.5
A 15,2.0,264,5.5
A 15,3.0,264,5.5
A 15,4.0,264,5.5
B 18,1.0,264,6.3
B 18,2.0,264,6.5
B 18,3.0,264,6.5
B 18,4.0,264,6.3
A 41,1.0,264,5.8
A 41,2.0,264,5.8
A 41,3.0,264,5.6
A 41,4.0,264,5.6
A 29,1.0,264,5.0
A 29,2.0,264,5.0
A 29,3.0,264,5.0
A 29,4.0,264,5.1
FUS-HR-NIS 52,1.0,264,7.8
FUS-HR-NIS 52,2.0,264,7.8
FUS-HR-NIS 52,3.0,264,7.7
FUS-HR-NIS 52,4.0,264,7.8
FUS-HR-NIS 38,1.0,264,5.8
FUS-HR-NIS 38,2.0,264,5.8
FUS-HR-NIS 38,3.0,264,5.9
FUS-HR-NIS 38,4.0,264,5.9
FUS-SV-NIS 26,1.0,264,6.7
FUS-SV-NIS 26,2.0,264,6.8
FUS-SV-NIS 26,3.0,264,6.8
FUS-SV-NIS 26,4.0,264,6.8
FUS-SV-NIS 90,1.0,264,6.3
FUS-SV-NIS 90,2.0,264,6.5
FUS-SV-NIS 90,3.0,264,6.4
FUS-SV-NIS 90,4.0,264,6.5
FUS-SV-NIS 96,1.0,264,7.8
FUS-SV-NIS 96,2.0,264,7.9
FUS-SV-NIS 96,3.0,264,7.8
FUS-SV-NIS 96,4.0,264,7.7
FUS-SV-NIS 84,1.0,264,7.3
FUS-SV-NIS 84,2.0,264,7.3
FUS-SV-NIS 84,3.0,264,7.4
FUS-SV-NIS 84,4.0,264,7.3
CCF 104,1.0,276,7.2
CCF 104,2.0,276,7.2
CCF 104,3.0,276,7.3
CCF 104,4.0,276,7.3
A 33,1.0,276,8.4
A 33,2.0,276,8.4
A 33,3.0,276,8.4
A 33,4.0,276,8.4
B 15,1.0,276,8.4
B 15,2.0,276,8.4
B 15,3.0,276,8.4
B 15,4.0,276,8.4
C 2,1.0,276,7.8
C 2,2.0,276,7.9
C 2,3.0,276,7.9
C 2,4.0,276,8.0
Osogbo 77,1.0,276,7.3
Osogbo 77,2.0,276,7.3
Osogbo 77,3.0,276,7.3
Osogbo 77,4.0,276,7.3
Osogbo 81,1.0,276,6.9
Osogbo 81,2.0,276,7.1
Osogbo 81,3.0,276,7.1
Osogbo 81,4.0,276,7.1
Osogbo 79,1.0,276,6.1
Osogbo 79,2.0,276,6.1
Osogbo 79,3.0,276,6.3
Osogbo 79,4.0,276,6.3
Osogbo 85,1.0,276,5.3
Osogbo 85,2.0,276,5.2
Osogbo 85,3.0,276,5.1
Osogbo 85,4.0,276,5.2
Osogbo 89,1.0,276,5.2
Osogbo 89,2.0,276,5.2
Osogbo 89,3.0,276,5.1
Osogbo 89,4.0,276,5.3
Osogbo 84,1.0,276,5.2
Osogbo 84,2.0,276,5.3
Osogbo 84,3.0,276,5.2
Osogbo 84,4.0,276,5.3
Osogbo 74,1.0,276,5.3
Osogbo 74,2.0,276,5.3
Osogbo 74,3.0,276,5.3
Osogbo 74,4.0,276,5.5
Osogbo 92,1.0,276,5.1
Osogbo 92,2.0,276,5.2
Osogbo 92,3.0,276,5.1
Osogbo 92,4.0,276,5.1
Osogbo 90,1.0,276,7.6
Osogbo 90,2.0,276,7.6
Osogbo 90,3.0,276,7.5
Osogbo 90,4.0,276,7.4
A 19,1.0,276,8.4
A 19,2.0,276,8.4
A 19,3.0,276,8.4
A 19,4.0,276,8.4
B 29,1.0,276,8.4
B 29,2.0,276,8.4
B 29,3.0,276,8.4
B 29,4.0,276,8.4
A 15,1.0,276,5.7
A 15,2.0,276,5.7
A 15,3.0,276,5.7
A 15,4.0,276,5.7
B 18,1.0,276,6.5
B 18,2.0,276,6.7
B 18,3.0,276,6.7
B 18,4.0,276,6.5
A 41,1.0,276,6.0
A 41,2.0,276,6.0
A 41,3.0,276,5.8
A 41,4.0,276,5.8
A 29,1.0,276,5.2
A 29,2.0,276,5.2
A 29,3.0,276,5.2
A 29,4.0,276,5.3
FUS-HR-NIS 52,1.0,276,8.0
FUS-HR-NIS 52,2.0,276,8.0
FUS-HR-NIS 52,3.0,276,7.9
FUS-HR-NIS 52,4.0,276,8.0
FUS-HR-NIS 38,1.0,276,6.0
FUS-HR-NIS 38,2.0,276,6.0
FUS-HR-NIS 38,3.0,276,6.2
FUS-HR-NIS 38,4.0,276,6.2
FUS-SV-NIS 26,1.0,276,7.0
FUS-SV-NIS 26,2.0,276,7.1
FUS-SV-NIS 26,3.0,276,7.1
FUS-SV-NIS 26,4.0,276,7.1
FUS-SV-NIS 90,1.0,276,6.7
FUS-SV-NIS 90,2.0,276,6.8
FUS-SV-NIS 90,3.0,276,6.7
FUS-SV-NIS 90,4.0,276,6.8
FUS-SV-NIS 96,1.0,276,8.2
FUS-SV-NIS 96,2.0,276,8.3
FUS-SV-NIS 96,3.0,276,8.2
FUS-SV-NIS 96,4.0,276,8.1
FUS-SV-NIS 84,1.0,276,7.7
FUS-SV-NIS 84,2.0,276,7.7
FUS-SV-NIS 84,3.0,276,7.8
FUS-SV-NIS 84,4.0,276,7.7
CCF 104,1.0,288,7.5
CCF 104,2.0,288,7.5
CCF 104,3.0,288,7.6
CCF 104,4.0,288,7.6
A 33,1.0,288,8.4
A 33,2.0,288,8.4
A 33,3.0,288,8.4
A 33,4.0,288,8.4
B 15,1.0,288,8.4
B 15,2.0,288,8.4
B 15,3.0,288,8.4
B 15,4.0,288,8.4
C 2,1.0,288,8.1
C 2,2.0,288,8.2
C 2,3.0,288,8.2
C 2,4.0,288,8.3
Osogbo 77,1.0,288,7.6
Osogbo 77,2.0,288,7.6
Osogbo 77,3.0,288,7.6
Osogbo 77,4.0,288,7.6
Osogbo 81,1.0,288,7.2
Osogbo 81,2.0,288,7.4
Osogbo 81,3.0,288,7.4
Osogbo 81,4.0,288,7.4
Osogbo 79,1.0,288,6.4
Osogbo 79,2.0,288,6.4
Osogbo 79,3.0,288,6.5
Osogbo 79,4.0,288,6.5
Osogbo 85,1.0,288,5.5
Osogbo 85,2.0,288,5.4
Osogbo 85,3.0,288,5.3
Osogbo 85,4.0,288,5.4
Osogbo 89,1.0,288,5.4
Osogbo 89,2.0,288,5.4
Osogbo 89,3.0,288,5.3
Osogbo 89,4.0,288,5.5
Osogbo 84,1.0,288,5.4
Osogbo 84,2.0,288,5.5
Osogbo 84,3.0,288,5.4
Osogbo 84,4.0,288,5.5
Osogbo 74,1.0,288,5.5
Osogbo 74,2.0,288,5.5
Osogbo 74,3.0,288,5.5
Osogbo 74,4.0,288,5.7
Osogbo 92,1.0,288,5.3
Osogbo 92,2.0,288,5.4
Osogbo 92,3.0,288,5.3
Osogbo 92,4.0,288,5.3
Osogbo 90,1.0,288,7.8
Osogbo 90,2.0,288,7.8
Osogbo 90,3.0,288,7.7
Osogbo 90,4.0,288,7.6
A 19,1.0,288,8.4
A 19,2.0,288,8.4
A 19,3.0,288,8.4
A 19,4.0,288,8.4
B 29,1.0,288,8.4
B 29,2.0,288,8.4
B 29,3.0,288,8.4
B 29,4.0,288,8.4
A 15,1.0,288,5.9
A 15,2.0,288,5.9
A 15,3.0,288,5.9
A 15,4.0,288,5.9
B 18,1.0,288,6.7
B 18,2.0,288,6.9
B 18,3.0,288,6.9
B 18,4.0,288,6.7
A 41,1.0,288,6.2
A 41,2.0,288,6.2
A 41,3.0,288,6.0
A 41,4.0,288,6.0
A 29,1.0,288,5.4
A 29,2.0,288,5.4
A 29,3.0,288,5.4
A 29,4.0,288,5.5
FUS-HR-NIS 52,1.0,288,8.2
FUS-HR-NIS 52,2.0,288,8.2
FUS-HR-NIS 52,3.0,288,8.1
FUS-HR-NIS 52,4.0,288,8.2
FUS-HR-NIS 38,1.0,288,6.3
FUS-HR-NIS 38,2.0,288,6.3
FUS-HR-NIS 38,3.0,288,6.5
FUS-HR-NIS 38,4.0,288,6.5
FUS-SV-NIS 26,1.0,288,7.3
FUS-SV-NIS 26,2.0,288,7.4
FUS-SV-NIS 26,3.0,288,7.4
FUS-SV-NIS 26,4.0,288,7.5
FUS-SV-NIS 90,1.0,288,7.1
FUS-SV-NIS 90,2.0,288,7.1
FUS-SV-NIS 90,3.0,288,7.1
FUS-SV-NIS 90,4.0,288,7.1
FUS-SV-NIS 96,1.0,288,8.4
FUS-SV-NIS 96,2.0,288,8.4
FUS-SV-NIS 96,3.0,288,8.4
FUS-SV-NIS 96,4.0,288,8.3
FUS-SV-NIS 84,1.0,288,8.1
FUS-SV-NIS 84,2.0,288,8.1
FUS-SV-NIS 84,3.0,288,8.2
FUS-SV-NIS 84,4.0,288,8.1
